step,type,amount,nameOrig,oldbalanceOrg,newbalanceOrig,nameDest,oldbalanceDest,newbalanceDest,isFraud,isFlaggedFraud
7,PAYMENT,344445.76,C92534,371169.52,26723.76000000001,M36928,230725.6,575171.36,0,0
4,TRANSFER,785643.1,C23869,785643.1,0.0,M93087,1739362.65,2176025.37,1,0
8,PAYMENT,318149.31,C70315,252798.44,252798.44,M97029,944452.85,1262602.16,0,0
5,PAYMENT,380563.16,C30954,938894.96,558331.8,M30711,1425764.74,1806327.9,0,0
7,CASH_OUT,80044.22,C41555,893985.21,813940.99,M64962,785818.67,865862.89,0,0
3,PAYMENT,230784.12,C73353,337480.33,106696.21000000002,M30039,517421.89,748206.01,0,0
7,CASH_OUT,4675.72,C92190,729463.77,724788.05,M46561,694384.34,699060.0599999999,0,0
8,PAYMENT,123346.97,C55026,573223.19,449876.22,M85483,1588364.69,1711711.66,0,0
5,PAYMENT,363233.59,C56976,337649.3,337649.3,M91395,1250432.25,1613665.84,0,0
4,PAYMENT,495905.06,C90578,988521.65,492616.59,M98658,1875279.56,2371184.62,0,0
8,CASH_OUT,49598.06,C55095,25237.35,25237.35,M11577,1359409.56,1409007.62,0,0
8,DEBIT,200753.14,C24270,252646.03,51892.889999999985,M38350,1140363.26,1341116.4,0,0
3,DEBIT,400037.48,C40908,520074.06,120036.58000000002,M43798,1220392.02,1620429.5,0,0
6,TRANSFER,102025.78,C25523,521953.0,419927.22,M91417,1884742.88,1986768.66,0,0
5,CASH_OUT,277546.92,C72433,588933.07,311386.14999999997,M20785,1576401.86,1853948.78,0,0
2,PAYMENT,366538.32,C57068,751676.17,385137.85000000003,M82227,48082.47,414620.79000000004,0,0
8,PAYMENT,307996.57,C29991,623477.83,315481.25999999995,M71957,1068279.39,1376275.96,0,0
6,DEBIT,94020.49,C20775,600281.46,506260.97,M75431,1376676.82,1470697.31,0,0
2,PAYMENT,177698.73,C87801,53514.46,53514.46,M27297,1497396.96,1675095.69,0,0
5,PAYMENT,391898.05,C94995,376530.29,376530.29,M81894,426284.24,818182.29,0,0
1,CASH_OUT,232055.74,C71250,232055.74,0.0,M73772,1734354.71,2011472.42,1,0
6,PAYMENT,2624.75,C26673,265370.11,262745.36,M29581,1911686.29,1914311.04,0,0
9,PAYMENT,380497.77,C37056,554337.47,173839.69999999995,M65192,473430.61,853928.38,0,0
1,CASH_OUT,17665.32,C16614,199505.31,181839.99,M11462,1765230.92,1782896.24,0,0
3,TRANSFER,372869.43,C17415,293949.1,293949.1,M74173,193957.53,566826.96,0,0
7,DEBIT,101248.26,C98691,237084.71,135836.45,M25511,111413.67,212661.93,0,0
4,DEBIT,479037.16,C53884,948502.94,469465.77999999997,M86106,258447.6,737484.76,0,0
9,TRANSFER,183976.7,C26964,944665.73,760689.03,M58665,115482.16,299458.86,0,0
3,PAYMENT,163472.54,C47726,609941.56,446469.02,M54414,1690024.47,1853497.01,0,0
5,TRANSFER,74452.54,C47044,924522.47,850069.9299999999,M91010,118100.29,192552.83,0,0
3,CASH_OUT,152809.05,C67149,785812.65,633003.6000000001,M82573,543328.38,696137.4299999999,0,0
7,PAYMENT,438326.61,C47544,589947.88,151621.27000000002,M23386,207512.69,645839.3,0,0
5,CASH_OUT,498167.21,C59976,6435.21,6435.21,M64460,590844.07,1089011.28,0,0
9,TRANSFER,184161.08,C42252,772516.29,588355.2100000001,M16221,181118.94,365280.02,0,0
7,CASH_OUT,224310.83,C13832,702488.34,478177.51,M33474,1336006.5,1560317.33,0,0
2,TRANSFER,361038.25,C90437,615253.65,254215.40000000002,M31045,266653.63,627691.88,0,0
4,PAYMENT,443099.03,C44148,760424.31,317325.28,M14922,1703691.85,2146790.88,0,0
9,CASH_IN,296526.24,C71240,512922.16,216395.91999999998,M32706,1634382.1,1930908.34,0,0
2,CASH_OUT,195768.93,C98454,704083.27,508314.34,M52771,27323.37,223092.3,0,0
9,PAYMENT,206316.79,C95076,935172.09,728855.2999999999,M62335,1791452.71,1997769.5,0,0
5,DEBIT,347812.12,C87116,375805.02,27992.900000000023,M62949,57888.63,405700.75,0,0
2,TRANSFER,1619.1,C63459,708121.83,706502.73,M80714,479291.57,480910.67,0,0
4,DEBIT,309798.47,C48402,475687.82,165889.35000000003,M25240,64778.28,374576.75,0,0
7,CASH_OUT,177752.95,C67727,674399.65,496646.7,M12716,671686.97,849439.9199999999,0,0
8,TRANSFER,397100.72,C48578,762893.34,365792.62,M26574,1027733.05,1424833.77,0,0
3,PAYMENT,46504.39,C32318,45452.5,45452.5,M93255,1593289.74,1639794.13,0,0
1,PAYMENT,294105.25,C85715,646600.44,352495.18999999994,M83717,675963.1,970068.35,0,0
4,CASH_OUT,240491.64,C87787,226741.18,226741.18,M54066,1410980.05,1651471.69,0,0
2,CASH_OUT,321166.34,C95029,670032.54,348866.2,M71826,375008.91,696175.25,0,0
8,PAYMENT,32436.15,C30466,468330.19,435894.04,M30213,1501196.91,1533633.0599999998,0,0
4,PAYMENT,289996.09,C55475,773552.74,483556.64999999997,M81916,471993.21,761989.3,0,0
2,DEBIT,280746.68,C70142,123400.82,123400.82,M76151,287089.51,567836.19,0,0
6,CASH_IN,280334.44,C95160,626322.35,345987.91,M60906,370817.7,651152.14,0,0
6,CASH_OUT,301747.8,C36564,278470.73,278470.73,M10463,364126.26,665874.06,0,0
4,PAYMENT,338237.2,C32412,852982.0,514744.8,M41973,1025725.76,1363962.96,0,0
6,PAYMENT,402496.45,C61001,928383.51,525887.06,M84694,1689595.16,2092091.6099999999,0,0
2,PAYMENT,134917.66,C67649,996398.29,861480.63,M30651,159210.15,294127.81,0,0
2,CASH_IN,412526.45,C70957,796007.4,383480.95,M78694,1413912.64,1826439.0899999999,0,0
4,PAYMENT,249132.86,C45517,753734.07,504601.20999999996,M30008,1308692.92,1557825.7799999998,0,0
8,CASH_OUT,38538.37,C23156,215500.76,176962.39,M80474,1745039.9,1783578.27,0,0
7,PAYMENT,29284.88,C33064,336007.06,306722.18,M48185,488295.12,517580.0,0,0
9,CASH_OUT,167125.82,C35711,465682.54,298556.72,M97924,900219.72,1067345.54,0,0
8,CASH_OUT,392450.64,C40106,773381.05,380930.41000000003,M84417,1851654.75,2244105.39,0,0
5,DEBIT,353843.39,C75458,914965.87,561122.48,M81139,1319986.9,1673830.29,0,0
2,PAYMENT,394309.6,C26589,189139.1,189139.1,M44980,777536.83,1171846.43,0,0
5,PAYMENT,258639.36,C99272,922367.48,663728.12,M32504,262824.77,521464.13,0,0
8,PAYMENT,220105.1,C96511,695624.65,475519.55000000005,M64970,524970.02,745075.12,0,0
9,CASH_IN,73734.79,C17214,610770.73,537035.94,M26766,1162430.95,1236165.74,0,0
9,DEBIT,164103.09,C95731,199841.27,35738.17999999999,M21695,1436335.9,1600438.99,0,0
1,CASH_OUT,217015.34,C37127,55525.03,55525.03,M27796,248843.77,465859.11,0,0
9,CASH_OUT,44309.33,C15141,568464.9,524155.57,M52543,1199194.52,1243503.85,0,0
7,CASH_OUT,110313.77,C38884,651515.68,541201.91,M24559,1100702.56,1211016.33,0,0
9,PAYMENT,299116.66,C12708,210781.45,210781.45,M43139,1027910.89,1327027.55,0,0
8,CASH_IN,367834.2,C28375,556456.21,188622.00999999995,M18802,1380246.24,1748080.44,0,0
1,TRANSFER,499173.77,C25088,856493.4,357319.63,M83843,1674899.19,2174072.96,0,0
8,TRANSFER,466557.33,C67615,835065.95,368508.61999999994,M50205,645979.37,1112536.7,0,0
8,CASH_OUT,321286.17,C55046,927355.18,606069.01,M44159,1778024.38,2099310.55,0,0
3,PAYMENT,210629.81,C20014,365885.81,155256.0,M21516,321267.23,531897.04,0,0
1,PAYMENT,318092.32,C74425,318049.57,318049.57,M60492,346047.74,664140.06,0,0
8,CASH_OUT,392827.95,C13273,749426.01,356598.06,M39086,533544.13,926372.0800000001,0,0
3,PAYMENT,59176.91,C57135,431112.41,371935.5,M40480,239061.74,298238.65,0,0
3,CASH_OUT,204958.35,C40881,87548.66,87548.66,M62091,460638.45,665596.8,0,0
1,PAYMENT,419902.74,C88077,282801.13,282801.13,M57766,212823.53,632726.27,0,0
5,TRANSFER,191922.64,C18712,418582.29,226659.64999999997,M48737,1643504.83,1835427.4700000002,0,0
7,PAYMENT,285940.42,C84704,292516.43,6576.010000000009,M19265,277937.98,563878.3999999999,0,0
9,TRANSFER,293888.8,C62874,332205.57,38316.77000000002,M80990,1494595.12,1788483.9200000002,0,0
7,CASH_OUT,92246.28,C79087,293775.91,201529.62999999998,M25386,95827.74,188074.02000000002,0,0
9,PAYMENT,181124.1,C22297,41499.17,41499.17,M47425,1897040.66,2078164.76,0,0
8,CASH_OUT,167262.3,C37128,637094.7,469832.39999999997,M53254,1422320.18,1589582.48,0,0
2,TRANSFER,13108.09,C78368,597292.42,584184.3300000001,M99863,13593.1,26701.190000000002,0,0
1,CASH_OUT,12105.64,C97599,653383.5,641277.86,M63634,1527713.0,1539818.64,0,0
7,CASH_IN,415850.2,C98499,192309.9,192309.9,M96717,1028163.84,1444014.04,0,0
7,CASH_OUT,136542.67,C88958,295654.54,159111.86999999997,M57662,1558730.34,1695273.01,0,0
8,PAYMENT,259044.2,C42920,619615.93,360571.73000000004,M96988,1044993.62,1304037.82,0,0
5,PAYMENT,149369.8,C21156,599627.57,450257.76999999996,M97527,1282049.72,1431419.52,0,0
3,PAYMENT,470340.22,C21108,506330.31,35990.090000000026,M85452,1572663.31,2043003.53,0,0
8,CASH_OUT,129655.79,C41845,350413.25,220757.46000000002,M20143,810216.11,939871.9,0,0
6,PAYMENT,214834.11,C12800,912931.0,698096.89,M25581,5416.3,220250.40999999997,0,0
3,TRANSFER,436366.4,C52712,339770.24,339770.24,M77443,1699892.99,2136259.39,0,0
1,CASH_OUT,420968.36,C12610,455619.16,34650.79999999999,M39424,761780.73,1182749.0899999999,0,0
3,TRANSFER,93058.85,C87603,678113.83,585054.98,M98844,992085.45,1085144.3,0,0
5,CASH_OUT,401323.63,C43872,543021.43,141697.80000000005,M51984,15533.28,416856.91000000003,0,0
3,PAYMENT,229098.86,C20728,346885.98,117787.12,M51505,984184.02,1213282.88,0,0
1,PAYMENT,241489.61,C30583,435644.79,194155.18,M72699,1972974.8,2214464.41,0,0
5,CASH_OUT,66748.65,C95774,794480.82,727732.1699999999,M36957,556535.32,623283.97,0,0
7,TRANSFER,40309.95,C17263,278129.16,237819.20999999996,M35464,790836.54,831146.49,0,0
7,CASH_OUT,363972.37,C77450,142255.24,142255.24,M33649,1374379.99,1738352.3599999999,0,0
9,TRANSFER,248235.61,C99285,313163.2,64927.590000000026,M52065,1629587.34,1877822.9500000002,0,0
3,PAYMENT,218430.98,C29456,849534.22,631103.24,M44758,834783.25,1053214.23,0,0
7,DEBIT,364756.82,C75942,88989.71,88989.71,M15596,619337.74,984094.56,0,0
1,CASH_OUT,382758.79,C23689,991696.07,608937.28,M26374,1875651.6,2258410.39,0,0
4,CASH_OUT,79462.49,C42934,541002.9,461540.41000000003,M13775,1354289.93,1433752.42,0,0
4,PAYMENT,305116.47,C43276,984845.74,679729.27,M37388,238042.61,543159.08,0,0
5,CASH_OUT,67685.69,C29873,938996.42,871310.73,M31029,137855.76,205541.45,0,0
7,TRANSFER,375690.03,C23050,452813.71,77123.68,M93981,967099.7,1342789.73,0,0
7,PAYMENT,328481.01,C76216,198491.07,198491.07,M63639,440180.13,768661.14,0,0
4,CASH_IN,478307.74,C94444,164884.78,164884.78,M24645,507969.51,986277.25,0,0
7,PAYMENT,34488.32,C94040,239989.36,205501.03999999998,M41105,1755384.36,1789872.6800000002,0,0
3,CASH_IN,28536.79,C31644,710132.64,681595.85,M23668,179132.05,207668.84,0,0
6,TRANSFER,141100.72,C72021,272949.99,131849.27,M25960,1430728.23,1571828.95,0,0
2,PAYMENT,130860.22,C47125,341425.27,210565.05000000002,M21357,542284.51,673144.73,0,0
9,CASH_OUT,123496.93,C76899,448778.8,325281.87,M74604,1520656.44,1644153.3699999999,0,0
5,DEBIT,453128.23,C52291,913232.68,460104.45000000007,M61796,1444822.77,1897951.0,0,0
6,CASH_OUT,124780.6,C45060,189393.42,64612.82000000001,M25804,14783.8,139564.4,0,0
4,DEBIT,135982.14,C11538,5026.55,5026.55,M24626,1018270.83,1154252.97,0,0
7,CASH_OUT,379701.54,C46176,60096.41,60096.41,M38132,278638.96,658340.5,0,0
9,CASH_OUT,224875.42,C51520,904766.34,679890.9199999999,M17951,1732454.06,1957329.48,0,0
7,DEBIT,388357.51,C35675,647516.46,259158.94999999995,M16449,1743171.77,2131529.2800000003,0,0
1,PAYMENT,32692.43,C28287,273040.62,240348.19,M29065,836691.61,869384.04,0,0
1,TRANSFER,243790.72,C10174,177192.5,177192.5,M19130,888791.24,1132581.96,0,0
9,PAYMENT,16816.46,C44998,294266.74,277450.27999999997,M99360,606565.88,623382.34,0,0
9,CASH_IN,31335.98,C63312,114796.93,83460.95,M72287,1433212.6,1464548.58,0,0
4,CASH_IN,453219.66,C22112,941532.91,488313.25000000006,M61702,717322.73,1170542.39,0,0
9,PAYMENT,69631.29,C85225,784206.17,714574.88,M46993,535584.95,605216.24,0,0
3,TRANSFER,462391.18,C54814,462391.18,0.0,M41875,864462.12,1130677.1400000001,1,0
7,CASH_IN,205553.69,C95091,864962.61,659408.9199999999,M16054,182975.04,388528.73,0,0
6,PAYMENT,173678.19,C60719,249458.2,75780.01000000001,M58517,1493206.41,1666884.5999999999,0,0
8,CASH_OUT,449917.67,C43919,717120.57,267202.89999999997,M86368,25192.8,475110.47,0,0
9,CASH_IN,10921.48,C83155,856132.5,845211.02,M39670,1288970.12,1299891.6,0,0
5,PAYMENT,331898.21,C81569,356768.71,24870.5,M59112,365729.05,697627.26,0,0
1,CASH_OUT,481697.58,C51328,757464.45,275766.86999999994,M98388,464808.09,946505.67,0,0
3,PAYMENT,280088.49,C80482,295072.35,14983.859999999986,M99156,1271264.0,1551352.49,0,0
8,CASH_IN,468411.86,C34618,298857.14,298857.14,M38307,1985886.93,2454298.79,0,0
6,CASH_IN,26138.42,C44675,107057.18,80918.76,M77087,1555434.98,1581573.4,0,0
8,CASH_IN,209402.47,C28919,440058.05,230655.58,M57922,451679.26,661081.73,0,0
9,TRANSFER,130086.29,C14173,729711.91,599625.62,M73080,352049.51,482135.8,0,0
4,DEBIT,365413.17,C36400,940220.81,574807.6400000001,M89335,1732465.74,2097878.91,0,0
1,DEBIT,490648.73,C60445,603796.99,113148.26000000001,M36312,888367.9,1379016.63,0,0
1,TRANSFER,128272.47,C80305,863135.54,734863.0700000001,M76985,274105.61,402378.07999999996,0,0
4,DEBIT,327090.76,C47564,822494.65,495403.89,M67608,1724422.85,2051513.61,0,0
7,PAYMENT,99056.84,C55814,173343.05,74286.20999999999,M99962,1632184.71,1731241.55,0,0
2,CASH_OUT,282669.47,C89747,485817.43,203147.96000000002,M50277,1967812.73,2250482.2,0,0
3,PAYMENT,231971.6,C98791,116923.54,116923.54,M41551,1819487.37,2051458.9700000002,0,0
1,PAYMENT,486002.94,C37962,682153.16,196150.22000000003,M99813,1703580.68,2189583.62,0,0
5,PAYMENT,304267.55,C94892,949899.67,645632.1200000001,M66597,105148.8,409416.35,0,0
1,CASH_OUT,174759.69,C95842,137089.46,137089.46,M55212,208830.74,383590.43,0,0
8,TRANSFER,57056.75,C80533,733883.13,676826.38,M19637,1137966.39,1195023.14,0,0
1,CASH_OUT,75631.9,C66184,632238.15,556606.25,M53258,1062958.49,1138590.39,0,0
1,PAYMENT,112666.21,C92912,583605.04,470938.83,M45693,915926.43,1028592.64,0,0
2,TRANSFER,125490.82,C20578,390120.23,264629.41,M19824,793578.65,919069.47,0,0
2,CASH_OUT,425309.52,C28624,355131.65,355131.65,M36950,862420.97,1287730.49,0,0
6,CASH_OUT,280615.78,C49194,45249.19,45249.19,M33488,1138595.87,1419211.6500000001,0,0
7,TRANSFER,261700.22,C10389,217908.71,217908.71,M10215,4153.04,265853.26,0,0
5,CASH_OUT,57393.29,C77391,15176.88,15176.88,M21523,521417.55,578810.84,0,0
1,DEBIT,430071.25,C23794,581417.11,151345.86,M85900,1036559.44,1466630.69,0,0
1,CASH_OUT,361409.92,C68002,105853.24,105853.24,M78689,1444432.2,1805842.1199999999,0,0
3,PAYMENT,33843.5,C45531,873019.39,839175.89,M33834,348313.38,382156.88,0,0
2,PAYMENT,353920.47,C62815,523143.02,169222.55000000005,M44474,1093762.35,1447682.82,0,0
5,DEBIT,271773.67,C14986,699689.91,427916.24000000005,M53066,1428919.37,1700693.04,0,0
6,PAYMENT,40871.86,C42298,410857.09,369985.23000000004,M20400,889255.32,930127.1799999999,0,0
7,DEBIT,229155.74,C11481,560579.81,331424.07000000007,M20345,54162.27,283318.01,0,0
4,CASH_OUT,242353.3,C66408,942659.18,700305.8800000001,M43896,898536.32,1140889.6199999999,0,0
7,CASH_IN,82895.61,C79267,82734.04,82734.04,M95430,592889.78,675785.39,0,0
8,CASH_OUT,472849.62,C26835,253937.77,253937.77,M38899,1859299.22,2332148.84,0,0
1,CASH_IN,424989.19,C37798,779988.33,354999.13999999996,M38229,249226.77,674215.96,0,0
6,TRANSFER,334514.48,C74887,98737.21,98737.21,M15583,1304951.91,1639466.39,0,0
8,CASH_OUT,231153.16,C29477,75661.1,75661.1,M14897,105439.53,336592.69,0,0
5,TRANSFER,205888.65,C27266,361541.4,155652.75000000003,M81537,892340.88,1098229.53,0,0
4,TRANSFER,325490.22,C96328,92167.96,92167.96,M14567,1107958.97,1433449.19,0,0
2,CASH_OUT,272720.48,C95988,585078.44,312357.95999999996,M84807,595909.86,868630.34,0,0
6,DEBIT,31145.93,C53526,226275.25,195129.32,M87239,910151.27,941297.2000000001,0,0
6,CASH_IN,256256.2,C21889,895697.96,639441.76,M23329,327107.59,583363.79,0,0
1,CASH_OUT,403203.74,C34335,783500.08,380296.33999999997,M81792,608247.7,1011451.44,0,0
9,TRANSFER,229625.35,C21254,699705.21,470079.86,M10228,1242212.65,1471838.0,0,0
6,TRANSFER,25987.77,C96610,616944.03,590956.26,M92214,603600.11,629587.88,0,0
3,CASH_OUT,393141.24,C21442,863465.73,470324.49,M47052,1799486.16,2192627.4,0,0
4,PAYMENT,100689.88,C56289,223062.06,122372.18,M67769,1256813.92,1357503.7999999998,0,0
4,PAYMENT,129317.83,C63747,873108.84,743791.01,M56032,877298.04,1006615.87,0,0
3,TRANSFER,82361.53,C47327,789492.3,707130.77,M98721,77513.87,159875.4,0,0
3,PAYMENT,165114.23,C26199,748160.83,583046.6,M43686,999096.67,1164210.9000000001,0,0
3,PAYMENT,378378.19,C82827,561255.68,182877.49000000005,M86981,1529552.48,1907930.67,0,0
4,PAYMENT,259697.74,C10112,246244.16,246244.16,M73261,531115.2,790812.94,0,0
7,PAYMENT,102448.59,C97051,423547.92,321099.32999999996,M12809,1613547.14,1715995.73,0,0
4,PAYMENT,438916.26,C29581,793570.65,354654.39,M51785,503613.53,942529.79,0,0
9,CASH_IN,439792.13,C69722,31778.48,31778.48,M46547,1647492.78,2087284.9100000001,0,0
1,TRANSFER,435290.51,C26523,782050.77,346760.26,M52818,170536.68,605827.19,0,0
8,TRANSFER,119405.72,C76960,240070.74,120665.01999999999,M81927,1732367.42,1851773.14,0,0
7,CASH_OUT,225625.16,C29552,144309.2,144309.2,M75681,998372.9,1223998.06,0,0
2,PAYMENT,492494.98,C20808,115701.32,115701.32,M89465,593075.18,1085570.1600000001,0,0
8,CASH_IN,386008.52,C82525,27250.01,27250.01,M99862,530226.5,916235.02,0,0
1,CASH_OUT,13593.44,C33620,523586.49,509993.05,M47333,864021.12,877614.5599999999,0,0
9,PAYMENT,32611.64,C10887,218259.87,185648.22999999998,M26576,1998099.0,2030710.64,0,0
9,TRANSFER,231971.05,C41802,989431.77,757460.72,M49405,440654.79,672625.84,0,0
2,DEBIT,454611.01,C95024,574436.76,119825.75,M83779,206433.3,661044.31,0,0
7,CASH_IN,269355.51,C91938,137885.27,137885.27,M41601,1170070.34,1439425.85,0,0
3,TRANSFER,248911.28,C96741,688762.54,439851.26,M77946,977084.93,1225996.21,0,0
7,CASH_OUT,52745.8,C36049,897743.57,844997.7699999999,M77356,1048392.54,1101138.34,0,0
9,PAYMENT,328393.48,C87789,745179.5,416786.02,M62116,1333870.84,1662264.32,0,0
4,CASH_IN,411053.36,C94526,76439.86,76439.86,M72894,534288.14,945341.5,0,0
1,PAYMENT,190216.2,C17846,895884.18,705667.98,M44635,1821329.99,2011546.19,0,0
2,CASH_IN,387808.17,C56220,793929.39,406121.22000000003,M17465,871344.13,1259152.3,0,0
1,CASH_OUT,482238.68,C56163,158303.9,158303.9,M66754,258172.39,740411.0700000001,0,0
5,CASH_OUT,101891.19,C13765,51785.89,51785.89,M95119,1484597.51,1586488.7,0,0
5,CASH_OUT,261669.58,C91486,557310.58,295641.0,M48871,1286208.71,1547878.29,0,0
7,PAYMENT,143576.11,C55270,156035.81,12459.700000000012,M72874,631486.8,775062.91,0,0
9,PAYMENT,396429.28,C85277,834590.95,438161.6699999999,M87733,1243037.45,1639466.73,0,0
9,PAYMENT,288800.91,C98278,358334.66,69533.75,M39511,439723.91,728524.82,0,0
3,PAYMENT,317294.86,C32931,912892.44,595597.58,M90960,889678.72,1206973.58,0,0
3,CASH_OUT,398959.1,C99116,565688.17,166729.07000000007,M58821,1798825.04,2197784.14,0,0
3,TRANSFER,197991.28,C65633,182672.38,182672.38,M75776,267068.47,465059.75,0,0
4,PAYMENT,457545.88,C90702,139598.87,139598.87,M80167,773392.9,1230938.78,0,0
8,CASH_IN,266519.1,C61913,576472.44,309953.33999999997,M85135,1642284.85,1908803.9500000002,0,0
6,DEBIT,78985.83,C35991,761883.61,682897.78,M54462,1938981.8,2017967.6300000001,0,0
8,CASH_IN,347952.6,C64845,781505.65,433553.05000000005,M71382,907852.27,1255804.87,0,0
1,CASH_IN,396632.74,C65312,275757.4,275757.4,M42574,1013999.24,1410631.98,0,0
8,PAYMENT,158387.67,C20561,204246.76,45859.09,M51910,1144343.92,1302731.5899999999,0,0
4,TRANSFER,428591.06,C26901,16756.3,16756.3,M83531,1864696.28,2293287.34,0,0
1,CASH_OUT,453072.57,C72875,679199.15,226126.58000000002,M35186,1716413.58,2169486.15,0,0
8,CASH_OUT,138459.47,C35917,76568.26,76568.26,M32813,341202.25,479661.72,0,0
4,PAYMENT,491760.9,C72120,420761.2,420761.2,M88812,873515.64,1365276.54,0,0
6,DEBIT,70364.36,C11988,601682.16,531317.8,M95525,928000.86,998365.22,0,0
8,PAYMENT,101015.81,C24256,937108.94,836093.1299999999,M88282,1578192.22,1679208.03,0,0
4,PAYMENT,92120.58,C97728,311802.14,219681.56,M28557,1205785.77,1297906.35,0,0
3,CASH_OUT,446995.92,C38230,249772.16,249772.16,M38060,1308440.92,1755436.8399999999,0,0
9,CASH_OUT,327149.73,C69778,654160.15,327010.42000000004,M68866,1996399.82,2323549.55,0,0
3,CASH_OUT,76060.62,C55833,619239.03,543178.41,M82104,149920.09,225980.71,0,0
9,PAYMENT,220167.31,C32625,332109.78,111942.47000000003,M94577,446019.65,666186.96,0,0
2,DEBIT,307652.86,C42088,928101.84,620448.98,M16080,815791.87,1123444.73,0,0
2,PAYMENT,41741.21,C89650,844862.33,803121.12,M23854,695564.81,737306.02,0,0
2,PAYMENT,441209.36,C51167,223982.55,223982.55,M77695,43291.12,484500.48,0,0
6,DEBIT,401803.73,C81291,239142.55,239142.55,M37025,183555.21,585358.94,0,0
3,CASH_IN,252608.33,C75303,512300.35,259692.02,M62982,1361906.58,1614514.9100000001,0,0
9,DEBIT,483563.64,C86361,773572.1,290008.45999999996,M51081,1758648.93,2242212.57,0,0
4,DEBIT,208886.31,C98229,44040.38,44040.38,M14368,1028454.02,1237340.33,0,0
1,CASH_OUT,492055.32,C14117,693335.15,201279.83000000002,M37094,1078382.16,1570437.48,0,0
4,CASH_OUT,333963.32,C70710,648235.9,314272.58,M56040,510186.87,844150.19,0,0
1,PAYMENT,317339.29,C77054,231480.1,231480.1,M76766,1535752.73,1853092.02,0,0
5,TRANSFER,82985.79,C40949,681353.01,598367.22,M93053,1503589.17,1586574.96,0,0
4,TRANSFER,440965.06,C32547,940183.19,499218.12999999995,M33991,1176731.38,1617696.44,0,0
8,TRANSFER,46785.84,C91882,46785.84,0.0,M11301,425328.57,639079.14,1,0
8,CASH_OUT,81125.08,C78136,319652.06,238526.97999999998,M38610,194036.44,275161.52,0,0
7,TRANSFER,6313.63,C74619,438176.72,431863.08999999997,M91463,128477.15,134790.78,0,0
3,PAYMENT,279882.24,C71842,899260.36,619378.12,M44678,1185392.13,1465274.3699999999,0,0
1,PAYMENT,263704.54,C36990,962261.45,698556.9099999999,M34466,1650070.64,1913775.18,0,0
1,CASH_OUT,359679.62,C26193,444115.25,84435.63,M90440,1716660.86,2076340.48,0,0
3,PAYMENT,445130.12,C40109,750028.41,304898.29000000004,M50875,927244.15,1372374.27,0,0
6,DEBIT,39712.5,C29233,531661.02,491948.52,M36081,1568542.6,1608255.1,0,0
7,TRANSFER,365750.93,C91730,537782.93,172032.00000000006,M34354,1893760.39,2259511.32,0,0
6,TRANSFER,93714.1,C44510,278099.52,184385.42,M28300,550340.22,644054.32,0,0
6,TRANSFER,216956.25,C11306,216956.25,0.0,M74384,795920.69,1225010.63,1,0
6,DEBIT,409533.57,C13849,288005.35,288005.35,M70892,1862957.99,2272491.56,0,0
3,TRANSFER,270401.47,C22360,556328.01,285926.54000000004,M45525,676461.93,946863.4,0,0
6,CASH_OUT,355124.3,C55800,29155.19,29155.19,M36532,1827752.58,2182876.88,0,0
8,CASH_OUT,157181.91,C46963,907248.94,750067.0299999999,M16464,1962089.72,2119271.63,0,0
2,PAYMENT,235589.24,C64330,156283.71,156283.71,M26562,1323621.46,1559210.7,0,0
5,DEBIT,410820.23,C61707,220088.68,220088.68,M65514,1633780.58,2044600.81,0,0
1,CASH_OUT,229638.01,C28689,518276.18,288638.17,M84219,1499091.13,1728729.14,0,0
1,CASH_OUT,178905.55,C39084,710114.77,531209.22,M42634,1399068.52,1577974.07,0,0
5,DEBIT,247111.28,C50387,95729.05,95729.05,M10060,613862.15,860973.43,0,0
3,DEBIT,414126.34,C84816,317694.7,317694.7,M19269,114188.68,528315.02,0,0
4,CASH_OUT,167610.67,C12642,968674.61,801063.94,M73143,686103.47,853714.14,0,0
3,DEBIT,86889.06,C52137,262342.97,175453.90999999997,M33065,1333871.97,1420761.03,0,0
1,CASH_OUT,356009.89,C89832,313050.15,313050.15,M12895,205058.4,561068.29,0,0
1,TRANSFER,836498.49,C65561,836498.49,0.0,M90859,23835.97,436826.81999999995,1,0
5,CASH_OUT,50327.73,C72260,50214.43,50214.43,M22352,279384.75,329712.48,0,0
6,CASH_OUT,119944.66,C25438,464613.17,344668.51,M59737,1431471.85,1551416.51,0,0
3,PAYMENT,70994.58,C58442,379616.76,308622.18,M42016,1945587.4,2016581.98,0,0
9,DEBIT,173977.23,C12994,316586.76,142609.53,M71304,1966129.4,2140106.63,0,0
5,DEBIT,225180.99,C11813,285699.59,60518.600000000035,M21962,987958.3,1213139.29,0,0
8,PAYMENT,374415.68,C94381,91374.1,91374.1,M43302,1738704.6,2113120.2800000003,0,0
1,DEBIT,325577.28,C65276,314825.83,314825.83,M95382,1473652.91,1799230.19,0,0
5,PAYMENT,310468.07,C51243,43052.4,43052.4,M14011,1002080.47,1312548.54,0,0
3,TRANSFER,176193.95,C72912,780963.86,604769.9099999999,M29782,1145521.07,1321715.02,0,0
1,CASH_OUT,420725.36,C70272,398227.79,398227.79,M77691,274454.29,695179.6499999999,0,0
4,PAYMENT,235648.87,C52051,443903.83,208254.96000000002,M49725,1875322.92,2110971.79,0,0
5,DEBIT,489552.68,C88854,893594.59,404041.91,M19196,703859.54,1193412.22,0,0
7,DEBIT,317074.73,C92736,658054.98,340980.25,M53459,892298.51,1209373.24,0,0
1,CASH_OUT,63141.11,C75618,8059.1,8059.1,M97245,1343320.46,1406461.57,0,0
3,PAYMENT,338092.02,C11920,943174.82,605082.7999999999,M88863,667804.94,1005896.96,0,0
2,PAYMENT,162558.76,C87219,237144.47,74585.70999999999,M42769,508518.32,671077.0800000001,0,0
9,CASH_OUT,343166.74,C86872,107614.18,107614.18,M34700,1262098.79,1605265.53,0,0
6,CASH_IN,34829.88,C91132,768128.18,733298.3,M90356,49968.16,84798.04000000001,0,0
3,CASH_OUT,87448.97,C12093,500477.32,413028.35,M86427,1441450.22,1528899.19,0,0
8,CASH_OUT,433770.57,C22905,433770.57,0.0,M15269,1028046.74,1455916.81,1,0
8,CASH_OUT,113597.51,C34351,249503.08,135905.57,M53880,1211507.46,1325104.97,0,0
2,CASH_OUT,418522.19,C40981,547471.49,128949.29999999999,M18320,1263760.32,1682282.51,0,0
6,CASH_OUT,139645.25,C83903,274384.61,134739.36,M59589,1054100.31,1193745.56,0,0
7,PAYMENT,321444.53,C80821,901583.01,580138.48,M86276,1165067.55,1486512.08,0,0
2,CASH_OUT,347078.35,C92289,215204.48,215204.48,M45897,1367576.4,1714654.75,0,0
2,CASH_OUT,256332.25,C94021,884355.15,628022.9,M68565,1506237.69,1762569.94,0,0
1,CASH_IN,152662.29,C88513,559405.43,406743.14,M40930,1454904.78,1607567.07,0,0
8,TRANSFER,106330.06,C29874,828488.13,722158.0700000001,M67233,1739232.92,1845562.98,0,0
1,CASH_OUT,16604.35,C60931,712846.0,696241.65,M92821,378886.87,395491.22,0,0
9,CASH_IN,151980.16,C17674,696695.11,544714.95,M24380,802295.94,954276.1,0,0
6,PAYMENT,326584.86,C60516,324345.81,324345.81,M86896,1895592.13,2222176.9899999998,0,0
7,CASH_IN,469153.03,C70686,233896.93,233896.93,M80934,793181.15,1262334.1800000002,0,0
7,CASH_OUT,435603.53,C79212,210886.23,210886.23,M65830,249740.15,685343.68,0,0
3,PAYMENT,383034.73,C12426,857191.66,474156.93000000005,M15529,1050890.25,1433924.98,0,0
2,TRANSFER,394225.79,C78498,820426.82,426201.02999999997,M92987,218981.95,613207.74,0,0
9,CASH_OUT,332495.8,C39943,440573.53,108077.73000000004,M59178,405706.48,738202.28,0,0
8,PAYMENT,130150.83,C76395,132404.61,2253.7799999999843,M16937,1996637.51,2126788.34,0,0
7,CASH_OUT,453598.44,C54816,382252.25,382252.25,M49886,1082725.28,1536323.72,0,0
9,TRANSFER,335369.45,C14138,619343.45,283973.99999999994,M59699,568116.78,903486.23,0,0
4,CASH_OUT,280224.71,C85945,454403.15,174178.44,M86396,1989549.91,2269774.62,0,0
4,PAYMENT,55503.62,C14017,780189.27,724685.65,M35279,1933117.84,1988621.4600000002,0,0
1,DEBIT,223533.3,C20451,997622.82,774089.52,M48106,881478.08,1105011.38,0,0
8,CASH_IN,230184.53,C72956,191132.09,191132.09,M89737,520806.22,750990.75,0,0
3,CASH_IN,432283.16,C20278,459650.82,27367.660000000033,M50544,1676799.28,2109082.44,0,0
7,CASH_OUT,273328.64,C53764,430983.9,157655.26,M18997,1431241.43,1704570.0699999998,0,0
2,PAYMENT,190206.47,C11134,304492.53,114286.06000000003,M95711,1373882.87,1564089.34,0,0
2,CASH_OUT,488400.4,C72943,198095.52,198095.52,M50860,1786227.48,2274627.88,0,0
7,CASH_OUT,65692.12,C64318,65692.12,0.0,M13225,1378834.27,1434203.46,1,0
6,PAYMENT,211279.99,C70128,887119.32,675839.33,M69470,567595.89,778875.88,0,0
3,TRANSFER,21021.92,C98056,419848.7,398826.78,M73656,1387726.32,1408748.24,0,0
9,TRANSFER,369954.66,C31869,496895.52,126940.86000000004,M61880,611627.02,981581.6799999999,0,0
6,CASH_OUT,459039.1,C15039,916942.05,457902.95000000007,M71078,1518477.96,1977517.06,0,0
6,CASH_OUT,140025.86,C31281,776290.48,636264.62,M98646,1239495.71,1379521.5699999998,0,0
1,TRANSFER,429172.25,C20442,130501.26,130501.26,M86290,154823.1,583995.35,0,0
4,PAYMENT,146116.19,C83788,565419.97,419303.77999999997,M66633,1025670.72,1171786.91,0,0
6,CASH_IN,455385.97,C37586,442252.28,442252.28,M36655,686601.94,1141987.91,0,0
6,TRANSFER,376983.41,C63053,797211.07,420227.66,M53601,657141.27,1034124.6799999999,0,0
5,TRANSFER,402455.34,C60489,724232.55,321777.21,M13114,1204512.6,1606967.9400000002,0,0
1,PAYMENT,9013.1,C93104,690405.72,681392.62,M36502,644649.65,653662.75,0,0
8,CASH_OUT,481405.55,C96346,340544.84,340544.84,M59768,1553787.5,2035193.05,0,0
5,CASH_OUT,363338.23,C77087,804963.73,441625.5,M58128,141582.87,504921.1,0,0
5,PAYMENT,152382.5,C22625,52391.3,52391.3,M30028,1320776.5,1473159.0,0,0
7,PAYMENT,414699.04,C44397,159624.9,159624.9,M65565,1618389.61,2033088.6500000001,0,0
4,CASH_OUT,140767.78,C68671,335623.27,194855.49000000002,M93123,1345663.38,1486431.16,0,0
6,CASH_OUT,436378.19,C76897,76807.44,76807.44,M45333,994458.39,1430836.58,0,0
4,PAYMENT,56299.07,C36149,234994.28,178695.21,M13174,1900614.03,1956913.1,0,0
3,CASH_IN,351845.95,C70030,830150.98,478305.02999999997,M45398,599876.98,951722.9299999999,0,0
7,PAYMENT,270353.83,C79906,948251.54,677897.71,M45929,38335.78,308689.61,0,0
8,TRANSFER,48276.27,C15283,304602.36,256326.09,M14321,863978.74,912255.01,0,0
4,CASH_IN,120954.5,C17610,264515.8,143561.3,M65421,66023.87,186978.37,0,0
2,TRANSFER,6211.89,C53326,279892.65,273680.76,M82635,1907873.51,1914085.4,0,0
3,CASH_OUT,234389.3,C24924,277719.09,43329.79000000004,M33760,419836.09,654225.39,0,0
1,TRANSFER,150639.62,C86162,35930.18,35930.18,M21360,1577854.05,1728493.67,0,0
8,PAYMENT,299182.76,C10869,926916.35,627733.59,M20313,1549144.17,1848326.93,0,0
3,CASH_IN,148625.93,C11014,213698.14,65072.21000000002,M95998,435457.8,584083.73,0,0
7,TRANSFER,149966.56,C20103,420004.07,270037.51,M15801,1242453.06,1392419.62,0,0
5,DEBIT,371599.17,C92522,9686.88,9686.88,M24130,96157.94,467757.11,0,0
5,PAYMENT,24080.94,C43458,857955.09,833874.15,M24271,967149.17,991230.11,0,0
7,PAYMENT,451448.47,C92409,731157.34,279708.87,M26075,29294.25,480742.72,0,0
9,PAYMENT,426133.41,C33248,946756.04,520622.63000000006,M28984,1842287.76,2268421.17,0,0
5,CASH_OUT,333905.66,C99160,781615.48,447709.82,M98095,1952172.05,2286077.71,0,0
1,TRANSFER,296614.85,C53516,313706.51,17091.660000000033,M70942,444565.53,741180.38,0,0
1,DEBIT,446152.33,C39061,247873.36,247873.36,M22861,416212.07,862364.4,0,0
2,TRANSFER,92673.24,C34170,697716.31,605043.0700000001,M92203,1507440.35,1600113.59,0,0
6,CASH_IN,39493.79,C18024,364112.78,324618.99000000005,M81376,506758.8,546252.59,0,0
9,PAYMENT,119762.69,C92214,566215.02,446452.33,M71247,1790153.12,1909915.81,0,0
8,DEBIT,397291.19,C95947,6257.47,6257.47,M79101,1147858.27,1545149.46,0,0
5,CASH_OUT,17344.79,C53803,61885.7,44540.909999999996,M30977,701555.25,718900.04,0,0
1,CASH_OUT,291407.59,C29296,535367.94,243960.34999999992,M60617,1665387.49,1956795.08,0,0
7,DEBIT,497718.8,C96664,566071.65,68352.85000000003,M67473,986813.4,1484532.2,0,0
5,CASH_OUT,427849.49,C28257,751452.94,323603.44999999995,M96654,1823265.83,2251115.3200000003,0,0
6,CASH_OUT,260727.63,C22855,131965.32,131965.32,M98177,1856028.47,2116756.1,0,0
7,PAYMENT,31829.82,C95178,513183.08,481353.26,M82902,330840.3,362670.12,0,0
3,PAYMENT,415688.44,C30025,194447.64,194447.64,M25630,4646.81,420335.25,0,0
3,CASH_IN,299493.26,C14458,93196.12,93196.12,M30056,1967861.88,2267355.1399999997,0,0
5,CASH_OUT,57475.35,C73610,410495.79,353020.44,M17382,1812275.07,1869750.4200000002,0,0
6,CASH_OUT,46937.7,C80843,163336.65,116398.95,M65739,110890.47,157828.16999999998,0,0
9,TRANSFER,454814.31,C93961,221781.98,221781.98,M91685,1666068.53,2120882.84,0,0
5,PAYMENT,334603.44,C59831,317554.58,317554.58,M58639,915609.87,1250213.31,0,0
1,PAYMENT,414645.11,C53427,259388.4,259388.4,M69838,517923.21,932568.3200000001,0,0
4,CASH_OUT,439490.66,C48506,87591.3,87591.3,M56041,1757493.05,2196983.71,0,0
5,TRANSFER,285890.46,C15668,89916.24,89916.24,M10992,393334.46,679224.92,0,0
5,PAYMENT,258728.0,C57195,193249.42,193249.42,M82394,1894600.0,2153328.0,0,0
7,TRANSFER,215219.4,C83233,50559.19,50559.19,M77657,411242.98,626462.38,0,0
4,PAYMENT,158480.12,C34417,626457.02,467976.9,M37160,1227366.38,1385846.5,0,0
1,CASH_OUT,217303.63,C91982,287326.72,70023.08999999997,M55156,446172.67,663476.3,0,0
5,PAYMENT,386942.09,C20751,279745.97,279745.97,M61375,1091337.33,1478279.4200000002,0,0
7,CASH_OUT,300965.7,C56218,331998.29,31032.589999999967,M96442,1367950.26,1668915.96,0,0
6,TRANSFER,446262.72,C17352,662796.27,216533.55000000005,M29572,380455.86,826718.58,0,0
5,TRANSFER,221695.57,C89052,870633.88,648938.31,M14136,1041771.57,1263467.14,0,0
4,PAYMENT,303548.72,C98835,759086.93,455538.2100000001,M71868,938119.49,1241668.21,0,0
2,PAYMENT,315657.46,C38927,727529.23,411871.76999999996,M92263,142074.84,457732.30000000005,0,0
4,TRANSFER,295852.66,C51094,484391.19,188538.53000000003,M42167,1636615.64,1932468.2999999998,0,0
3,TRANSFER,351319.86,C64122,693805.56,342485.70000000007,M25479,671364.8,1022684.66,0,0
1,CASH_OUT,118724.36,C39493,552762.37,434038.01,M41376,1149164.4,1267888.76,0,0
8,PAYMENT,256186.77,C83539,216250.53,216250.53,M14823,1029568.47,1285755.24,0,0
5,CASH_OUT,52121.36,C41707,208588.37,156467.01,M80456,1026521.01,1078642.37,0,0
4,DEBIT,192261.82,C78814,296392.01,104130.19,M29585,214444.79,406706.61,0,0
8,CASH_OUT,243838.66,C17296,910802.67,666964.01,M27272,846964.02,1090802.68,0,0
7,PAYMENT,326115.61,C35398,547414.84,221299.22999999998,M36619,904733.52,1230849.13,0,0
2,TRANSFER,475266.02,C45842,733905.38,258639.36,M85069,1467285.68,1942551.7,0,0
1,PAYMENT,300329.53,C23261,346558.76,46229.22999999998,M49895,1680037.66,1980367.19,0,0
4,PAYMENT,371799.52,C86709,407715.77,35916.25,M13720,1089964.56,1461764.08,0,0
8,CASH_IN,253137.97,C66704,125565.58,125565.58,M29267,173565.91,426703.88,0,0
2,PAYMENT,317055.67,C77173,171294.96,171294.96,M25696,473698.94,790754.61,0,0
3,TRANSFER,35475.4,C41781,827356.55,791881.15,M39968,329868.05,365343.45,0,0
1,CASH_OUT,127203.25,C23652,584838.63,457635.38,M63364,249230.13,376433.38,0,0
1,CASH_OUT,180932.93,C15103,337532.47,156599.53999999998,M33345,731798.6,912731.53,0,0
3,CASH_OUT,236251.95,C35500,802851.21,566599.26,M61567,458787.0,695038.95,0,0
5,PAYMENT,22833.92,C45529,246519.91,223685.99,M71607,436606.22,459440.13999999996,0,0
3,TRANSFER,70020.65,C28452,976032.7,906012.0499999999,M29385,109386.35,179407.0,0,0
1,CASH_OUT,138414.39,C59393,344817.61,206403.21999999997,M93658,35340.09,173754.48,0,0
1,PAYMENT,485766.63,C41174,337310.95,337310.95,M76900,205536.49,691303.12,0,0
8,TRANSFER,165680.19,C74450,311911.91,146231.71999999997,M78244,344394.96,510075.15,0,0
2,PAYMENT,241025.71,C45436,122111.52,122111.52,M75425,861967.46,1102993.17,0,0
3,PAYMENT,98056.9,C57406,111137.15,13080.25,M88518,1021040.52,1119097.42,0,0
2,TRANSFER,305393.93,C73059,648105.03,342711.10000000003,M92844,281183.84,586577.77,0,0
3,PAYMENT,140348.8,C25954,875118.04,734769.24,M42919,849566.68,989915.48,0,0
7,CASH_OUT,103504.22,C92722,790520.51,687016.29,M67196,683497.68,787001.9,0,0
1,CASH_OUT,258291.15,C22356,141107.59,141107.59,M89401,366847.29,625138.44,0,0
8,DEBIT,2762.84,C12187,545582.12,542819.28,M10495,13681.5,16444.34,0,0
2,PAYMENT,3841.94,C87243,105591.55,101749.61,M54755,934035.73,937877.6699999999,0,0
3,PAYMENT,109542.21,C45098,45294.64,45294.64,M77684,1371303.5,1480845.71,0,0
9,PAYMENT,18370.31,C31225,656385.86,638015.5499999999,M43324,452554.67,470924.98,0,0
7,CASH_OUT,54021.8,C13606,535152.33,481130.52999999997,M88929,263613.66,317635.45999999996,0,0
4,CASH_OUT,169436.94,C67620,82023.69,82023.69,M11552,1774085.49,1943522.43,0,0
5,TRANSFER,34939.25,C42828,34939.25,0.0,M61272,550049.54,951344.3500000001,1,0
2,CASH_IN,286028.6,C36489,989756.41,703727.81,M45853,447225.24,733253.84,0,0
8,PAYMENT,256338.74,C24387,30021.33,30021.33,M42924,1714193.88,1970532.6199999999,0,0
4,CASH_OUT,146751.48,C79463,444528.25,297776.77,M84462,1634214.2,1780965.68,0,0
9,CASH_OUT,465877.54,C81832,504619.02,38741.48000000004,M33889,896692.94,1362570.48,0,0
5,DEBIT,198513.55,C12591,117280.15,117280.15,M64675,978477.72,1176991.27,0,0
9,CASH_OUT,43555.51,C58516,169061.78,125506.26999999999,M83591,435497.41,479052.92,0,0
4,DEBIT,308537.09,C72061,351805.01,43267.919999999984,M80190,156603.34,465140.43000000005,0,0
5,TRANSFER,56928.06,C76736,761675.88,704747.8200000001,M32634,1146863.65,1203791.71,0,0
9,TRANSFER,507082.42,C91257,507082.42,0.0,M42363,196689.84,369307.95999999996,1,0
8,PAYMENT,253710.9,C71753,637901.87,384190.97,M73752,898549.09,1152259.99,0,0
3,DEBIT,437112.52,C94774,985174.56,548062.04,M87004,1880994.4,2318106.92,0,0
1,CASH_OUT,246778.35,C21087,768005.44,521227.08999999997,M66398,1905668.78,2152447.13,0,0
3,DEBIT,351132.36,C40816,434361.5,83229.14000000001,M50718,478664.57,829796.9299999999,0,0
4,TRANSFER,496408.49,C33408,446441.92,446441.92,M92916,1248226.84,1744635.33,0,0
2,CASH_OUT,65753.25,C10136,618772.08,553018.83,M36870,948152.53,1013905.78,0,0
1,CASH_OUT,137373.02,C27413,665365.21,527992.19,M47394,1751370.26,1888743.28,0,0
7,CASH_OUT,197294.09,C69500,500710.93,303416.83999999997,M62057,542861.73,740155.82,0,0
8,PAYMENT,210919.87,C94514,644861.22,433941.35,M89795,7404.81,218324.68,0,0
7,PAYMENT,205516.43,C66358,23532.49,23532.49,M90409,325122.41,530638.84,0,0
5,PAYMENT,453806.43,C76197,429622.86,429622.86,M23016,699045.6,1152852.03,0,0
1,PAYMENT,357019.18,C42854,278938.08,278938.08,M52137,631442.26,988461.44,0,0
7,DEBIT,303956.53,C86240,129174.45,129174.45,M10153,1582725.84,1886682.37,0,0
7,PAYMENT,154693.27,C26322,99546.51,99546.51,M17853,1361121.33,1515814.6,0,0
9,CASH_IN,411896.95,C16968,603192.17,191295.22000000003,M22379,599112.64,1011009.5900000001,0,0
3,TRANSFER,477530.71,C37518,523600.55,46069.83999999997,M25792,915487.63,1393018.34,0,0
9,PAYMENT,410600.93,C61925,253584.12,253584.12,M48367,191118.21,601719.14,0,0
1,CASH_OUT,792.54,C69848,470950.06,470157.52,M28100,1796292.89,1797085.43,0,0
1,CASH_OUT,318204.32,C11700,492232.32,174028.0,M73456,1870849.65,2189053.9699999997,0,0
4,TRANSFER,25577.18,C33199,195008.98,169431.80000000002,M21049,1959607.07,1985184.25,0,0
9,CASH_OUT,128811.03,C54589,652093.06,523282.03,M10786,1737105.66,1865916.69,0,0
6,CASH_OUT,29771.75,C42115,780919.36,751147.61,M79904,347921.78,377693.53,0,0
3,PAYMENT,301901.69,C71934,791463.54,489561.85000000003,M40699,92392.97,394294.66000000003,0,0
1,CASH_IN,343298.09,C64316,602469.83,259171.73999999993,M57691,1159193.45,1502491.54,0,0
4,CASH_IN,57252.67,C15520,511638.58,454385.91000000003,M47040,1825210.05,1882462.72,0,0
9,CASH_OUT,191925.6,C46455,61007.14,61007.14,M67986,354702.72,546628.32,0,0
3,PAYMENT,228123.69,C96465,287831.3,59707.609999999986,M48762,14085.83,242209.52,0,0
9,CASH_OUT,184532.82,C51605,93271.45,93271.45,M33600,1610992.09,1795524.9100000001,0,0
7,PAYMENT,60521.29,C24955,963823.16,903301.87,M29810,153591.37,214112.66,0,0
4,PAYMENT,209479.71,C54049,135080.15,135080.15,M95703,827412.06,1036891.77,0,0
3,PAYMENT,375591.51,C23917,151775.41,151775.41,M97347,1357774.67,1733366.18,0,0
5,TRANSFER,35513.12,C80293,889576.62,854063.5,M67204,473595.17,509108.29,0,0
5,DEBIT,40099.21,C88581,943928.28,903829.0700000001,M30085,167925.13,208024.34,0,0
3,CASH_OUT,177392.1,C74925,765829.04,588436.9400000001,M56854,1540042.46,1717434.56,0,0
9,CASH_OUT,470863.44,C80269,5404.92,5404.92,M84797,1260350.17,1731213.6099999999,0,0
4,TRANSFER,334289.64,C40954,1346.27,1346.27,M94269,1976980.97,2311270.61,0,0
5,TRANSFER,339338.19,C82617,378100.77,38762.580000000016,M49779,688616.07,1027954.26,0,0
4,TRANSFER,180966.38,C51458,143395.37,143395.37,M66207,123524.77,304491.15,0,0
5,CASH_IN,296834.46,C99037,18386.14,18386.14,M43980,1468700.07,1765534.53,0,0
7,PAYMENT,5075.49,C31113,464066.69,458991.2,M66117,1043466.84,1048542.33,0,0
9,DEBIT,318051.66,C53939,943061.9,625010.24,M24141,426407.86,744459.52,0,0
7,CASH_OUT,456644.34,C39345,323819.57,323819.57,M19344,1563457.98,2020102.32,0,0
5,TRANSFER,306290.61,C56313,661140.68,354850.07000000007,M25896,407510.97,713801.58,0,0
7,CASH_OUT,436850.56,C79166,652235.35,215384.78999999998,M99353,521323.31,958173.87,0,0
5,TRANSFER,361989.29,C57861,251080.1,251080.1,M39813,185057.11,547046.3999999999,0,0
3,DEBIT,60288.0,C59298,650425.25,590137.25,M94431,798864.56,859152.56,0,0
7,CASH_IN,451227.63,C57221,212333.97,212333.97,M75679,837858.45,1289086.08,0,0
2,TRANSFER,33231.26,C54942,122007.41,88776.15,M20681,1029123.58,1062354.8399999999,0,0
9,PAYMENT,266988.4,C13453,701383.29,434394.89,M82903,1417928.53,1684916.9300000002,0,0
1,CASH_OUT,71077.14,C64935,113440.82,42363.68000000001,M13228,1812201.86,1883279.0,0,0
6,CASH_IN,5863.19,C53370,996909.22,991046.03,M14582,275468.2,281331.39,0,0
7,PAYMENT,211022.91,C18328,183452.4,183452.4,M88683,108696.2,319719.11,0,0
8,CASH_OUT,147527.4,C25534,594141.86,446614.45999999996,M21397,37062.47,184589.87,0,0
9,CASH_OUT,243005.39,C95280,411374.57,168369.18,M48799,287242.76,530248.15,0,0
2,CASH_OUT,288604.17,C94925,126386.42,126386.42,M47011,1315898.97,1604503.14,0,0
2,PAYMENT,21879.1,C46320,27843.91,5964.810000000001,M89183,1454954.16,1476833.26,0,0
5,CASH_OUT,61510.42,C59170,622732.28,561221.86,M54264,1573011.43,1634521.8499999999,0,0
5,CASH_IN,279325.61,C90201,806757.56,527431.9500000001,M52317,487416.42,766742.03,0,0
6,PAYMENT,171590.24,C18640,842015.66,670425.42,M57914,611789.63,783379.87,0,0
3,PAYMENT,364589.45,C40049,482713.47,118124.01999999996,M94633,966269.29,1330858.74,0,0
8,CASH_IN,326149.3,C15618,777455.47,451306.17,M55254,126366.19,452515.49,0,0
1,PAYMENT,422803.73,C66053,672847.13,250043.40000000002,M50096,1222283.05,1645086.78,0,0
6,DEBIT,346249.49,C11920,724254.53,378005.04000000004,M63785,1967470.07,2313719.56,0,0
4,TRANSFER,214971.24,C53937,492599.01,277627.77,M62344,721612.62,936583.86,0,0
1,PAYMENT,336486.58,C79724,633411.74,296925.16,M92643,1505694.95,1842181.53,0,0
7,DEBIT,137697.83,C22207,805525.91,667828.0800000001,M78546,1000067.83,1137765.66,0,0
9,TRANSFER,153163.69,C75774,397884.18,244720.49,M81091,255623.69,408787.38,0,0
4,CASH_OUT,394494.69,C42972,805978.9,411484.21,M75603,1164474.9,1558969.5899999999,0,0
4,TRANSFER,223215.29,C20799,592016.84,368801.54999999993,M38412,599748.54,822963.8300000001,0,0
6,CASH_OUT,399192.19,C81088,165901.02,165901.02,M61658,68806.42,467998.61,0,0
3,PAYMENT,411212.96,C38916,24684.16,24684.16,M59549,1269859.46,1681072.42,0,0
6,TRANSFER,428782.59,C80463,362753.6,362753.6,M21549,1717864.7,2146647.29,0,0
7,CASH_IN,458318.45,C86700,546696.33,88377.87999999995,M81216,689539.53,1147857.98,0,0
3,PAYMENT,215498.3,C47158,839820.35,624322.05,M35739,780591.09,996089.3899999999,0,0
7,CASH_OUT,159440.22,C94607,127485.68,127485.68,M31209,1782043.37,1941483.59,0,0
3,TRANSFER,291103.55,C81696,800206.35,509102.8,M97968,1627217.63,1918321.18,0,0
2,CASH_OUT,185592.5,C71510,863009.05,677416.55,M25116,1429905.65,1615498.15,0,0
4,PAYMENT,300541.07,C68692,150687.49,150687.49,M30045,497594.13,798135.2,0,0
8,CASH_IN,352795.88,C71744,851594.32,498798.43999999994,M36327,1820433.31,2173229.19,0,0
9,TRANSFER,344205.63,C25810,991453.57,647247.94,M45709,308831.52,653037.15,0,0
7,PAYMENT,187282.7,C15126,726838.83,539556.1299999999,M53617,1253541.04,1440823.74,0,0
1,PAYMENT,83438.43,C40009,784769.68,701331.25,M70139,57602.36,141040.78999999998,0,0
3,PAYMENT,215270.36,C10192,994415.27,779144.91,M36905,1287439.61,1502709.9700000002,0,0
9,CASH_OUT,71305.65,C46413,605481.25,534175.6,M74148,554288.7,625594.35,0,0
1,TRANSFER,445049.62,C22816,307886.38,307886.38,M82603,899353.95,1344403.5699999998,0,0
9,DEBIT,172945.27,C49082,837530.83,664585.5599999999,M52919,690529.1,863474.37,0,0
8,TRANSFER,77238.33,C75048,614485.78,537247.4500000001,M93521,345513.51,422751.84,0,0
1,PAYMENT,12733.63,C60940,581195.42,568461.79,M93400,1243961.58,1256695.21,0,0
6,CASH_OUT,322914.73,C42130,253635.56,253635.56,M98150,1763951.11,2086865.84,0,0
5,CASH_OUT,318454.79,C50142,756334.27,437879.48000000004,M68446,1918168.48,2236623.27,0,0
6,PAYMENT,170308.68,C46468,81667.28,81667.28,M62428,384692.73,555001.4099999999,0,0
5,PAYMENT,35865.23,C40698,924287.07,888421.84,M57894,1434745.55,1470610.78,0,0
6,PAYMENT,204820.35,C20655,325823.46,121003.11000000002,M91149,1328678.73,1533499.08,0,0
5,CASH_OUT,155615.64,C57897,127774.65,127774.65,M16447,686755.58,842371.22,0,0
5,CASH_OUT,338563.55,C40075,442366.53,103802.98000000004,M15499,38198.4,376761.95,0,0
4,TRANSFER,302893.57,C19359,42469.91,42469.91,M49041,1379582.49,1682476.06,0,0
3,DEBIT,182303.22,C52056,684626.19,502322.97,M41315,1890989.72,2073292.94,0,0
3,DEBIT,108954.1,C61831,902705.51,793751.41,M11299,1264240.24,1373194.34,0,0
4,CASH_OUT,494018.1,C69191,837263.01,343244.91000000003,M14994,870585.45,1364603.5499999998,0,0
9,DEBIT,227006.27,C43272,127369.47,127369.47,M91163,1050307.79,1277314.06,0,0
2,PAYMENT,344140.24,C24671,126271.14,126271.14,M17489,399257.62,743397.86,0,0
9,PAYMENT,70285.08,C37048,813434.48,743149.4,M42355,1501088.33,1571373.4100000001,0,0
1,PAYMENT,242799.99,C86274,924254.27,681454.28,M83805,1492839.66,1735639.65,0,0
1,PAYMENT,13778.08,C35963,460669.83,446891.75,M78367,291034.6,304812.68,0,0
5,CASH_OUT,252732.5,C53954,498971.12,246238.62,M87355,1755956.76,2008689.26,0,0
6,CASH_IN,482009.06,C82309,318262.04,318262.04,M97173,538379.48,1020388.54,0,0
6,PAYMENT,192109.51,C10717,894265.12,702155.61,M11996,1964512.12,2156621.63,0,0
3,PAYMENT,19507.62,C21676,644902.91,625395.29,M54387,765806.03,785313.65,0,0
7,TRANSFER,15487.59,C14434,288251.58,272763.99,M13089,355768.12,371255.71,0,0
9,CASH_IN,193999.5,C59810,298782.87,104783.37,M30659,703440.22,897439.72,0,0
8,TRANSFER,80020.87,C14994,891200.07,811179.2,M55178,880360.66,960381.53,0,0
6,CASH_OUT,11685.81,C14234,13634.02,1948.210000000001,M91268,138615.55,150301.36,0,0
8,PAYMENT,378109.24,C79300,322726.57,322726.57,M95042,1156436.76,1534546.0,0,0
5,PAYMENT,229266.92,C53949,554356.68,325089.76,M80726,1195264.88,1424531.7999999998,0,0
8,CASH_IN,144629.49,C47405,148217.46,3587.970000000001,M80111,1477860.91,1622490.4,0,0
4,CASH_IN,450042.59,C44872,92098.75,92098.75,M44565,58339.78,508382.37,0,0
8,PAYMENT,58078.32,C52215,815276.33,757198.01,M99242,1082476.43,1140554.75,0,0
2,CASH_IN,477959.86,C33185,894404.39,416444.53,M32884,105814.87,583774.73,0,0
5,CASH_OUT,156990.22,C53442,823606.42,666616.2000000001,M27199,1402288.44,1559278.66,0,0
9,DEBIT,444202.95,C61759,898787.89,454584.94,M70038,111455.97,555658.92,0,0
4,TRANSFER,301475.41,C51153,553111.97,251636.56,M67786,1823455.7,2124931.11,0,0
6,CASH_OUT,413355.41,C87535,812258.12,398902.71,M59294,1404165.13,1817520.5399999998,0,0
1,TRANSFER,492006.74,C12581,384042.64,384042.64,M88015,1014779.53,1506786.27,0,0
9,CASH_OUT,144209.83,C61717,666267.86,522058.03,M44178,883007.85,1027217.6799999999,0,0
1,PAYMENT,480568.13,C12763,988835.53,508267.4,M22665,261345.26,741913.39,0,0
5,PAYMENT,194747.05,C65480,225727.72,30980.670000000013,M10534,581998.78,776745.8300000001,0,0
4,TRANSFER,192762.1,C48759,389899.75,197137.65,M46132,1737918.21,1930680.31,0,0
3,CASH_OUT,170200.15,C86067,480047.38,309847.23,M46110,1808905.62,1979105.77,0,0
6,CASH_OUT,138015.49,C35307,138015.49,0.0,M68754,1495.42,272203.81,1,0
2,CASH_OUT,77080.98,C21064,81038.61,3957.6300000000047,M73580,1188272.78,1265353.76,0,0
3,CASH_IN,276860.21,C86848,829722.87,552862.6599999999,M32469,1438601.22,1715461.43,0,0
5,PAYMENT,270856.99,C47548,976794.37,705937.38,M74016,1237493.96,1508350.95,0,0
9,CASH_OUT,380953.29,C46945,404725.06,23771.77000000002,M56233,163359.53,544312.82,0,0
2,TRANSFER,416826.64,C57937,87649.84,87649.84,M76708,435449.8,852276.44,0,0
8,DEBIT,220226.27,C16476,65811.76,65811.76,M68232,500680.53,720906.8,0,0
2,PAYMENT,151173.6,C61756,891318.21,740144.61,M96437,1663449.26,1814622.86,0,0
5,CASH_OUT,129674.86,C12382,463814.25,334139.39,M44409,926398.87,1056073.73,0,0
7,DEBIT,97319.97,C59683,320027.32,222707.35,M29324,973656.42,1070976.3900000001,0,0
8,CASH_IN,28833.21,C97999,476461.27,447628.06,M18738,1869786.09,1898619.3,0,0
1,CASH_OUT,171230.56,C55276,318304.09,147073.53000000003,M34054,1274171.78,1445402.34,0,0
6,TRANSFER,135131.14,C43402,489035.78,353904.64,M39709,1797335.4,1932466.54,0,0
1,CASH_OUT,483209.03,C36946,859556.4,376347.37,M95643,913017.71,1396226.74,0,0
2,DEBIT,278858.84,C89698,592301.37,313442.52999999997,M10363,298872.52,577731.3600000001,0,0
1,CASH_OUT,173645.05,C83933,694653.77,521008.72000000003,M20358,1859871.19,2033516.24,0,0
5,PAYMENT,290238.0,C32335,364670.68,74432.68,M13240,917410.23,1207648.23,0,0
9,CASH_IN,69606.96,C55095,738505.88,668898.92,M82201,363262.84,432869.80000000005,0,0
6,CASH_OUT,222027.43,C89930,666617.08,444589.64999999997,M55689,604791.48,826818.9099999999,0,0
1,CASH_OUT,313120.9,C37197,119562.0,119562.0,M11936,101605.18,414726.08,0,0
1,PAYMENT,244454.03,C32010,572642.85,328188.81999999995,M53965,936601.18,1181055.21,0,0
2,CASH_OUT,200895.38,C34123,256743.5,55848.119999999995,M87534,1706256.34,1907151.7200000002,0,0
9,TRANSFER,496924.26,C97923,804095.67,307171.41000000003,M10882,1867160.91,2364085.17,0,0
3,CASH_OUT,440158.58,C12890,425937.71,425937.71,M30224,1865204.42,2305363.0,0,0
1,PAYMENT,311706.75,C18026,994684.17,682977.42,M40825,250460.05,562166.8,0,0
5,CASH_OUT,284692.99,C74925,92500.44,92500.44,M80740,764107.77,1048800.76,0,0
7,CASH_IN,310334.03,C78842,780347.86,470013.82999999996,M38885,56457.52,366791.55000000005,0,0
6,PAYMENT,100664.04,C43665,673701.73,573037.69,M50056,1710330.69,1810994.73,0,0
1,CASH_IN,197574.92,C19277,767498.83,569923.9099999999,M13203,717511.52,915086.4400000001,0,0
5,TRANSFER,19739.37,C52239,307529.8,287790.43,M70241,1262234.06,1281973.4300000002,0,0
5,DEBIT,237778.26,C57664,492054.49,254276.22999999998,M12244,1429796.88,1667575.14,0,0
6,CASH_OUT,271516.86,C58008,796508.52,524991.66,M78619,859689.34,1131206.2,0,0
3,CASH_OUT,113882.59,C24683,232541.33,118658.73999999999,M31584,612884.67,726767.26,0,0
5,CASH_OUT,482014.78,C10670,226033.2,226033.2,M18521,1924425.82,2406440.6,0,0
7,DEBIT,454728.21,C99211,551050.95,96322.73999999993,M60017,1928976.45,2383704.66,0,0
5,TRANSFER,361074.4,C27889,523563.58,162489.18,M43541,578872.74,939947.14,0,0
5,TRANSFER,266697.98,C65612,282262.47,15564.48999999999,M39063,959250.19,1225948.17,0,0
5,CASH_OUT,434985.88,C54535,298075.65,298075.65,M80268,1945688.32,2380674.2,0,0
3,DEBIT,65334.87,C88542,277845.16,212510.28999999998,M74952,9736.82,75071.69,0,0
1,CASH_OUT,395256.99,C64319,771512.06,376255.07000000007,M49563,825356.5,1220613.49,0,0
5,CASH_OUT,62419.16,C31639,651900.87,589481.71,M49752,200915.1,263334.26,0,0
9,TRANSFER,397107.39,C74712,832417.18,435309.79000000004,M12567,1018315.93,1415423.32,0,0
1,DEBIT,137891.03,C26633,975473.03,837582.0,M26121,49339.91,187230.94,0,0
3,PAYMENT,438546.52,C44660,474164.3,35617.77999999997,M11674,813796.86,1252343.38,0,0
4,CASH_OUT,472021.61,C78975,66693.88,66693.88,M86411,441398.15,913419.76,0,0
1,PAYMENT,74406.5,C42172,48092.31,48092.31,M76275,1066616.72,1141023.22,0,0
1,TRANSFER,231343.18,C69197,295665.04,64321.859999999986,M77081,1991987.3,2223330.48,0,0
8,TRANSFER,490493.88,C68847,932544.59,442050.70999999996,M39140,1601072.21,2091566.0899999999,0,0
2,TRANSFER,241708.88,C21577,523213.05,281504.17,M19327,1691284.18,1932993.06,0,0
8,CASH_OUT,431775.13,C87299,271786.52,271786.52,M80663,1270529.97,1702305.1,0,0
7,TRANSFER,294369.87,C30176,399166.79,104796.91999999998,M33331,83119.7,377489.57,0,0
2,TRANSFER,187671.2,C54386,598595.11,410923.91,M33004,413595.35,601266.55,0,0
6,PAYMENT,142898.92,C73972,652949.66,510050.74,M20492,1850129.11,1993028.03,0,0
6,TRANSFER,101619.51,C99791,153919.51,52300.000000000015,M64797,732226.24,833845.75,0,0
3,PAYMENT,380901.48,C51003,977031.68,596130.2000000001,M68095,207273.45,588174.9299999999,0,0
2,PAYMENT,193276.39,C29996,544772.23,351495.83999999997,M23749,1404810.73,1598087.12,0,0
1,CASH_OUT,255642.62,C96598,135688.32,135688.32,M73217,598915.45,854558.07,0,0
6,CASH_OUT,246167.82,C45931,893635.25,647467.4299999999,M99044,537713.83,783881.6499999999,0,0
5,CASH_OUT,288643.74,C45710,74638.43,74638.43,M19045,1995954.91,2284598.65,0,0
9,TRANSFER,432789.92,C44693,907735.43,474945.51000000007,M30116,1716277.85,2149067.77,0,0
1,TRANSFER,490369.86,C45740,996565.66,506195.80000000005,M28667,815875.64,1306245.5,0,0
7,DEBIT,203798.03,C87241,700431.8,496633.77,M85057,1960522.42,2164320.4499999997,0,0
5,CASH_OUT,413761.19,C86502,770447.22,356686.02999999997,M84205,1300226.45,1713987.64,0,0
5,TRANSFER,382266.25,C27374,337302.84,337302.84,M37302,1484044.9,1866311.15,0,0
2,PAYMENT,286768.74,C86674,941576.85,654808.11,M21283,63026.09,349794.82999999996,0,0
3,TRANSFER,478024.01,C91471,529713.97,51689.95999999996,M40935,243210.52,721234.53,0,0
7,TRANSFER,100245.25,C55913,732388.45,632143.2,M82534,1266170.25,1366415.5,0,0
6,TRANSFER,54641.01,C76025,924107.72,869466.71,M41624,1798047.97,1852688.98,0,0
2,CASH_OUT,426982.44,C54516,975179.98,548197.54,M23440,1247487.45,1674469.89,0,0
6,CASH_OUT,219580.52,C97796,833204.36,613623.84,M56501,268049.79,487630.30999999994,0,0
2,CASH_OUT,423485.96,C36069,303017.51,303017.51,M97333,231520.09,655006.05,0,0
2,CASH_OUT,446546.17,C66233,966547.52,520001.35000000003,M11269,1688371.79,2134917.96,0,0
2,DEBIT,31238.17,C94811,628119.53,596881.36,M17868,278604.68,309842.85,0,0
3,CASH_OUT,441733.55,C69049,930642.48,488908.93,M40251,1040463.92,1482197.47,0,0
2,CASH_IN,224165.04,C49178,676105.03,451939.99,M87909,74226.64,298391.68,0,0
4,PAYMENT,255221.14,C42821,307238.96,52017.82000000001,M94523,161339.53,416560.67000000004,0,0
9,PAYMENT,313299.99,C61727,370024.52,56724.53000000003,M48729,1344696.54,1657996.53,0,0
6,PAYMENT,463192.04,C70935,550471.78,87279.74000000005,M25734,1378362.82,1841554.86,0,0
1,CASH_OUT,9567.86,C26999,790014.84,780446.98,M52429,682938.81,692506.67,0,0
8,DEBIT,238426.97,C72522,317982.55,79555.57999999999,M51337,431219.53,669646.5,0,0
7,PAYMENT,343864.14,C48712,579731.17,235867.03000000003,M50325,1627420.54,1971284.6800000002,0,0
3,CASH_IN,361356.25,C74551,345624.99,345624.99,M93600,434206.46,795562.71,0,0
1,PAYMENT,346269.29,C50172,815769.4,469500.11000000004,M72514,1084054.14,1430323.43,0,0
5,CASH_IN,67226.22,C43722,466728.09,399501.87,M18433,1936417.68,2003643.9,0,0
4,TRANSFER,149704.8,C20625,76722.83,76722.83,M19111,295704.88,445409.68,0,0
8,PAYMENT,179364.18,C77165,166052.52,166052.52,M73753,1881752.53,2061116.71,0,0
1,TRANSFER,402220.56,C86509,61104.67,61104.67,M90583,365786.11,768006.6699999999,0,0
1,CASH_OUT,499302.95,C16859,499302.95,0.0,M83620,1134886.42,1274273.5699999998,1,0
4,PAYMENT,105360.37,C51609,106337.3,976.9300000000076,M31751,754015.42,859375.79,0,0
8,TRANSFER,478724.44,C53307,114139.97,114139.97,M26453,1929857.2,2408581.64,0,0
5,DEBIT,4441.55,C31839,941048.26,936606.71,M95844,547084.06,551525.6100000001,0,0
2,CASH_OUT,498910.45,C37216,872655.07,373744.61999999994,M48968,799316.0,1298226.45,0,0
6,TRANSFER,338413.88,C62953,452086.6,113672.71999999997,M40077,1965720.24,2304134.12,0,0
5,CASH_OUT,414236.37,C94481,985805.32,571568.95,M44775,1072940.78,1487177.15,0,0
2,CASH_OUT,147316.75,C70593,186.53,186.53,M68144,1005260.23,1152576.98,0,0
3,PAYMENT,7167.5,C82075,613979.46,606811.96,M58570,515556.98,522724.48,0,0
9,TRANSFER,368937.38,C59522,616428.18,247490.80000000005,M56097,1402727.12,1771664.5,0,0
7,PAYMENT,417073.96,C14886,457443.06,40369.09999999998,M34503,28745.9,445819.86000000004,0,0
7,PAYMENT,370240.66,C17485,396947.97,26707.309999999998,M12779,99025.26,469265.92,0,0
6,CASH_OUT,71433.72,C41455,455383.14,383949.42000000004,M96840,1198717.17,1270150.89,0,0
8,PAYMENT,376716.43,C26767,414960.44,38244.01000000001,M10755,683349.15,1060065.58,0,0
4,CASH_OUT,384463.7,C38453,730492.48,346028.77999999997,M49263,1906632.74,2291096.44,0,0
8,CASH_OUT,329273.67,C86280,135355.43,135355.43,M65087,1806381.38,2135655.05,0,0
4,PAYMENT,383060.31,C63442,197639.22,197639.22,M52281,1427412.52,1810472.83,0,0
8,CASH_OUT,422962.26,C61877,180518.23,180518.23,M61482,1636291.16,2059253.42,0,0
9,PAYMENT,306805.92,C22226,262470.59,262470.59,M64857,1334663.7,1641469.6199999999,0,0
3,CASH_IN,44311.47,C32588,525258.42,480946.95000000007,M27400,251164.21,295475.68,0,0
3,TRANSFER,243819.03,C88976,111208.75,111208.75,M50115,1531086.74,1774905.77,0,0
2,DEBIT,38833.89,C41709,868169.3,829335.41,M24249,420383.94,459217.83,0,0
3,CASH_OUT,203777.44,C57788,297361.53,93584.09000000003,M56825,646885.71,850663.1499999999,0,0
3,PAYMENT,203559.17,C98031,162537.99,162537.99,M34600,1638468.42,1842027.5899999999,0,0
5,CASH_OUT,33014.26,C47019,675621.31,642607.05,M47706,1073051.22,1106065.48,0,0
5,CASH_IN,174416.78,C54948,38086.3,38086.3,M29222,1719881.43,1894298.21,0,0
2,CASH_OUT,55507.94,C75133,619968.56,564460.6200000001,M51139,426070.64,481578.58,0,0
6,DEBIT,404119.52,C76458,698198.43,294078.91000000003,M51302,1215556.88,1619676.4,0,0
5,DEBIT,473844.54,C37526,214916.53,214916.53,M97838,167581.95,641426.49,0,0
6,PAYMENT,36167.51,C83493,41964.07,5796.559999999998,M78159,1286121.99,1322289.5,0,0
1,PAYMENT,477558.05,C62198,363645.36,363645.36,M18646,1525068.08,2002626.1300000001,0,0
5,CASH_OUT,261293.07,C53395,98594.23,98594.23,M23543,1169861.79,1431154.86,0,0
9,TRANSFER,149789.84,C34031,116477.85,116477.85,M32785,532463.0,682252.84,0,0
2,DEBIT,38440.27,C85542,254261.23,215820.96000000002,M88353,62685.34,101125.60999999999,0,0
1,CASH_IN,250317.13,C47701,295467.92,45150.78999999998,M41406,238897.77,489214.9,0,0
9,TRANSFER,397259.83,C35939,529970.34,132710.50999999995,M98992,1244605.96,1641865.79,0,0
9,PAYMENT,353546.17,C59145,678391.89,324845.72000000003,M61428,1868840.43,2222386.6,0,0
9,CASH_OUT,25122.5,C30324,592770.94,567648.44,M33777,413068.81,438191.31,0,0
6,PAYMENT,36460.19,C32867,148360.34,111900.15,M67939,1470052.3,1506512.49,0,0
8,DEBIT,201442.61,C10203,172086.03,172086.03,M63026,1732902.13,1934344.7399999998,0,0
1,TRANSFER,147652.29,C26544,878769.25,731116.96,M96450,1041764.36,1189416.65,0,0
4,CASH_OUT,116199.84,C25899,558352.32,442152.48,M39553,1338531.59,1454731.4300000002,0,0
1,PAYMENT,140509.44,C39063,869937.83,729428.3899999999,M33548,1630030.63,1770540.0699999998,0,0
8,CASH_OUT,401743.34,C13748,371546.51,371546.51,M73221,521350.32,923093.66,0,0
1,TRANSFER,464614.73,C76629,614400.01,149785.28000000003,M47265,593791.35,1058406.08,0,0
3,CASH_OUT,202557.3,C90764,523663.42,321106.12,M50701,1255.03,203812.33,0,0
4,PAYMENT,453056.44,C30884,319123.49,319123.49,M61287,1926188.26,2379244.7,0,0
8,CASH_OUT,160754.64,C35183,469915.37,309160.73,M16727,1835089.79,1995844.4300000002,0,0
6,DEBIT,238223.73,C91570,502490.88,264267.15,M60717,1529136.53,1767360.26,0,0
7,PAYMENT,113022.24,C81246,200770.97,87748.73,M42427,158152.04,271174.28,0,0
8,PAYMENT,320241.62,C29259,315010.37,315010.37,M26692,895005.78,1215247.4,0,0
2,PAYMENT,489490.77,C45959,791409.75,301918.98,M41625,203783.51,693274.28,0,0
8,CASH_OUT,301750.51,C43457,915788.24,614037.73,M34918,31840.53,333591.04000000004,0,0
3,CASH_OUT,178913.46,C95679,359794.09,180880.63000000003,M51136,1232365.93,1411279.39,0,0
7,CASH_OUT,323912.24,C12103,306972.28,306972.28,M62409,1921658.83,2245571.0700000003,0,0
3,PAYMENT,61469.11,C75901,195197.16,133728.05,M25577,1805736.05,1867205.1600000001,0,0
7,TRANSFER,444330.65,C54535,678491.17,234160.52000000002,M95155,1393509.63,1837840.2799999998,0,0
2,CASH_OUT,251546.94,C26103,323099.7,71552.76000000001,M91731,193281.17,444828.11,0,0
6,TRANSFER,224680.38,C88278,987749.54,763069.16,M37689,548328.08,773008.46,0,0
3,CASH_IN,292936.54,C22391,325684.8,32748.26000000001,M21154,640113.45,933049.99,0,0
3,PAYMENT,312395.68,C38901,394136.05,81740.37,M31341,1526300.12,1838695.8,0,0
9,CASH_OUT,35897.19,C91159,603334.2,567437.01,M84681,1604498.36,1640395.55,0,0
7,TRANSFER,341311.78,C77914,801684.29,460372.51,M56330,770212.25,1111524.03,0,0
5,TRANSFER,120973.42,C60357,469518.67,348545.25,M97759,835767.99,956741.41,0,0
7,CASH_OUT,356979.18,C96908,422656.03,65676.85000000003,M78416,89018.08,445997.26,0,0
9,CASH_OUT,411269.17,C48437,995637.83,584368.6599999999,M96807,578273.44,989542.6099999999,0,0
1,CASH_IN,401981.21,C45503,10493.64,10493.64,M43313,902570.35,1304551.56,0,0
7,PAYMENT,276254.96,C85403,895065.29,618810.3300000001,M56900,233966.09,510221.05000000005,0,0
6,PAYMENT,260089.74,C51258,149140.83,149140.83,M88840,906534.92,1166624.6600000001,0,0
9,CASH_OUT,71446.55,C43724,785925.28,714478.73,M44695,1706351.62,1777798.1700000002,0,0
1,CASH_OUT,387675.32,C74286,617931.56,230256.24000000005,M40225,1162642.04,1550317.36,0,0
4,PAYMENT,135711.98,C84842,341847.29,206135.30999999997,M96072,157859.71,293571.69,0,0
9,PAYMENT,248352.74,C24908,873874.96,625522.22,M59156,383342.64,631695.38,0,0
4,PAYMENT,142144.2,C60626,12907.23,12907.23,M87209,949088.7,1091232.9,0,0
3,DEBIT,66922.84,C47228,226690.65,159767.81,M97453,722974.3,789897.14,0,0
9,PAYMENT,314782.55,C33386,566892.8,252110.25000000006,M37829,717454.04,1032236.5900000001,0,0
2,TRANSFER,27175.47,C56754,351542.26,324366.79000000004,M90908,1058534.9,1085710.3699999999,0,0
4,PAYMENT,374325.13,C38302,610377.5,236052.37,M35938,1168791.84,1543116.9700000002,0,0
6,TRANSFER,158800.22,C70815,24110.19,24110.19,M69164,1593723.14,1752523.3599999999,0,0
2,PAYMENT,77.35,C94748,116458.93,116381.57999999999,M64530,681933.13,682010.48,0,0
8,CASH_OUT,255569.46,C73344,127096.24,127096.24,M78199,1610932.57,1866502.03,0,0
8,PAYMENT,23435.49,C45618,189283.65,165848.16,M70282,677222.46,700657.95,0,0
1,DEBIT,138092.02,C86234,459331.44,321239.42000000004,M57801,110865.98,248958.0,0,0
3,PAYMENT,353491.17,C71114,752128.7,398637.52999999997,M19465,1108375.3,1461866.47,0,0
9,CASH_OUT,31354.18,C80130,905538.84,874184.6599999999,M13326,1175804.65,1207158.8299999998,0,0
5,DEBIT,419670.85,C35525,835372.53,415701.68000000005,M13659,1869080.49,2288751.34,0,0
6,CASH_OUT,1919.92,C89818,196887.87,194967.94999999998,M70289,1452122.65,1454042.5699999998,0,0
4,CASH_OUT,123419.47,C24334,441150.55,317731.07999999996,M37594,1835545.3,1958964.77,0,0
2,TRANSFER,370454.62,C72767,199411.6,199411.6,M14763,1816694.42,2187149.04,0,0
8,TRANSFER,158141.91,C16644,264471.82,106329.91,M98657,1209148.22,1367290.13,0,0
6,CASH_OUT,50955.18,C42933,503546.98,452591.8,M20828,1055524.13,1106479.3099999998,0,0
5,CASH_IN,180123.36,C53469,68109.02,68109.02,M57588,1114881.93,1295005.29,0,0
9,CASH_OUT,135203.94,C43687,218174.33,82970.38999999998,M21221,1956661.62,2091865.56,0,0
1,CASH_OUT,421357.52,C62656,935378.16,514020.64,M21211,1546335.38,1967692.9,0,0
5,CASH_OUT,156680.83,C27375,466116.29,309435.45999999996,M23569,212531.81,369212.64,0,0
6,TRANSFER,394468.35,C75206,445386.53,50918.18000000005,M47860,1556856.81,1951325.1600000001,0,0
5,PAYMENT,445937.15,C46607,14567.15,14567.15,M81558,341076.1,787013.25,0,0
6,CASH_OUT,216914.37,C93178,247399.75,30485.380000000005,M55337,894701.1,1111615.47,0,0
6,CASH_IN,454972.47,C33993,866292.44,411319.97,M62311,420919.34,875891.81,0,0
7,PAYMENT,188665.25,C54386,164628.43,164628.43,M23515,1379166.13,1567831.38,0,0
4,CASH_OUT,482039.57,C56287,415124.94,415124.94,M81695,1754619.47,2236659.04,0,0
8,PAYMENT,44653.87,C96724,14330.91,14330.91,M97227,580723.77,625377.64,0,0
7,CASH_OUT,343512.76,C86312,478335.48,134822.71999999997,M34904,164021.48,507534.24,0,0
9,PAYMENT,246912.08,C85324,21021.11,21021.11,M69935,596986.2,843898.2799999999,0,0
7,TRANSFER,193830.53,C81196,819609.55,625779.02,M53790,1344723.72,1538554.25,0,0
3,CASH_OUT,316359.61,C80014,824853.77,508494.16000000003,M78580,657520.26,973879.87,0,0
3,TRANSFER,351931.51,C18210,787742.19,435810.67999999993,M85148,556224.34,908155.85,0,0
8,CASH_OUT,2191.59,C20922,283364.07,281172.48,M15636,368870.38,371061.97000000003,0,0
5,CASH_OUT,83484.87,C46289,837237.22,753752.35,M87129,995032.85,1078517.72,0,0
4,CASH_IN,356525.89,C43340,542998.13,186472.24,M12892,551897.66,908423.55,0,0
8,PAYMENT,333196.04,C49850,373808.11,40612.07000000001,M31672,1462020.7,1795216.74,0,0
6,TRANSFER,483024.09,C66984,625329.96,142305.86999999994,M15812,153244.8,636268.89,0,0
2,PAYMENT,380521.28,C94178,12341.05,12341.05,M10654,1328066.07,1708587.35,0,0
4,CASH_IN,475386.85,C21094,142960.88,142960.88,M64633,475120.03,950506.88,0,0
4,CASH_IN,351273.23,C97959,742293.54,391020.31000000006,M27143,978558.52,1329831.75,0,0
6,CASH_OUT,149033.12,C43418,244161.61,95128.48999999999,M65934,572179.84,721212.96,0,0
6,DEBIT,52691.41,C15741,598009.12,545317.71,M77334,1445537.35,1498228.76,0,0
1,CASH_OUT,390914.11,C82374,385102.6,385102.6,M39087,1890614.08,2281528.19,0,0
8,CASH_OUT,322078.17,C78798,854805.78,532727.6100000001,M21618,1834153.56,2156231.73,0,0
6,PAYMENT,24102.52,C80532,952415.31,928312.79,M18446,1166852.43,1190954.95,0,0
3,CASH_OUT,180031.63,C32164,883564.73,703533.1,M97182,925220.61,1105252.24,0,0
9,PAYMENT,478400.34,C45595,270619.99,270619.99,M58867,1636601.02,2115001.36,0,0
2,DEBIT,250205.57,C40257,194162.87,194162.87,M61028,1366652.73,1616858.3,0,0
8,CASH_OUT,216370.24,C24211,474434.89,258064.65000000002,M70101,367128.23,583498.47,0,0
3,CASH_OUT,228855.23,C15232,7334.15,7334.15,M37200,1641838.43,1870693.66,0,0
5,PAYMENT,104449.27,C77753,25809.39,25809.39,M98074,857768.78,962218.05,0,0
6,TRANSFER,184359.9,C62691,553290.64,368930.74,M71465,377971.32,562331.22,0,0
6,PAYMENT,184912.93,C99765,520449.4,335536.47000000003,M96436,563594.7,748507.6299999999,0,0
4,TRANSFER,26186.99,C89768,994581.99,968395.0,M97892,535054.06,561241.05,0,0
3,PAYMENT,383786.14,C35613,201841.84,201841.84,M98559,1038413.95,1422200.0899999999,0,0
4,CASH_IN,208258.05,C24026,258103.93,49845.880000000005,M49148,468740.18,676998.23,0,0
1,CASH_OUT,411091.72,C63535,113540.64,113540.64,M92928,247132.97,658224.69,0,0
4,TRANSFER,425175.5,C40908,917543.01,492367.51,M30698,247381.7,672557.2,0,0
1,TRANSFER,106004.91,C62113,777811.24,671806.33,M52470,1166552.39,1272557.2999999998,0,0
1,TRANSFER,328680.17,C29610,822339.11,493658.94,M61660,1469518.58,1798198.75,0,0
6,CASH_OUT,236146.18,C56646,902763.79,666617.6100000001,M63910,643066.02,879212.2,0,0
5,CASH_OUT,440079.57,C73185,524899.99,84820.41999999998,M45450,69301.42,509380.99,0,0
4,CASH_IN,107878.18,C82567,451193.19,343315.01,M66463,254449.77,362327.94999999995,0,0
3,TRANSFER,338909.82,C57574,330391.47,330391.47,M43757,1829389.12,2168298.94,0,0
1,CASH_IN,303879.98,C46182,589214.61,285334.63,M88012,987087.32,1290967.2999999998,0,0
6,DEBIT,147657.79,C10570,454278.4,306620.61,M80247,907145.62,1054803.41,0,0
2,TRANSFER,451565.59,C29288,451565.59,0.0,M82015,76098.36,144407.45,1,0
8,CASH_IN,325823.36,C88824,936927.86,611104.5,M41390,1457274.04,1783097.4,0,0
5,PAYMENT,369301.34,C39877,984031.51,614730.1699999999,M66116,1056136.16,1425437.5,0,0
7,DEBIT,157820.52,C94425,796484.39,638663.87,M23161,404161.87,561982.39,0,0
2,TRANSFER,322419.85,C10917,756758.09,434338.24,M42152,220147.52,542567.37,0,0
8,DEBIT,197571.5,C85602,680558.16,482986.66000000003,M90171,766775.73,964347.23,0,0
2,DEBIT,356606.31,C74575,166074.85,166074.85,M30836,1674323.93,2030930.24,0,0
4,DEBIT,99615.65,C82518,59105.82,59105.82,M76543,1730589.12,1830204.77,0,0
1,CASH_OUT,445108.6,C49104,690726.32,245617.71999999997,M65648,1205692.76,1650801.3599999999,0,0
5,TRANSFER,143711.92,C28062,728786.22,585074.2999999999,M36331,1455072.85,1598784.77,0,0
9,PAYMENT,183899.32,C26999,46972.99,46972.99,M20763,230311.57,414210.89,0,0
1,TRANSFER,29055.4,C71845,928051.75,898996.35,M79444,1176252.13,1205307.5299999998,0,0
9,PAYMENT,55764.99,C19941,91140.64,35375.65,M29187,1333931.41,1389696.4,0,0
8,CASH_OUT,257935.79,C71169,285900.53,27964.74000000002,M21957,401425.69,659361.48,0,0
6,TRANSFER,133803.66,C33470,672389.81,538586.15,M14379,1760309.47,1894113.13,0,0
7,CASH_IN,417741.76,C69821,169872.59,169872.59,M37959,389993.48,807735.24,0,0
3,CASH_OUT,7356.55,C96669,55415.89,48059.34,M92018,626954.72,634311.27,0,0
1,DEBIT,189553.23,C54435,331146.49,141593.25999999998,M37105,1241113.69,1430666.92,0,0
5,PAYMENT,168679.4,C14529,765971.57,597292.1699999999,M10877,1276700.13,1445379.5299999998,0,0
2,DEBIT,9673.62,C93055,413678.68,404005.06,M58353,1398769.48,1408443.1,0,0
5,CASH_IN,62192.96,C22192,652972.92,590779.9600000001,M93788,224023.43,286216.39,0,0
8,TRANSFER,206827.2,C84102,579619.1,372791.89999999997,M94585,1698928.86,1905756.06,0,0
9,CASH_OUT,246437.36,C82762,22218.48,22218.48,M93308,1065694.26,1312131.62,0,0
2,CASH_OUT,202150.83,C96795,988539.99,786389.16,M61567,942643.59,1144794.42,0,0
3,PAYMENT,265473.53,C44087,41428.09,41428.09,M67913,1962195.25,2227668.7800000003,0,0
3,CASH_OUT,297569.89,C76677,967802.74,670232.85,M12637,1480756.59,1778326.48,0,0
1,TRANSFER,4971.81,C14627,549864.18,544892.37,M82778,236012.05,240983.86,0,0
8,PAYMENT,232052.94,C66541,963159.03,731106.0900000001,M52025,1513078.33,1745131.27,0,0
6,TRANSFER,481749.99,C78226,114753.6,114753.6,M92464,190497.87,672247.86,0,0
8,PAYMENT,259520.95,C13255,490408.52,230887.57,M38742,54941.13,314462.08,0,0
9,PAYMENT,338774.36,C67433,169504.09,169504.09,M21831,807251.79,1146026.15,0,0
5,PAYMENT,155938.81,C15213,50974.88,50974.88,M95092,1987156.35,2143095.16,0,0
3,CASH_IN,386997.95,C29404,617529.12,230531.16999999998,M98370,349767.87,736765.8200000001,0,0
5,CASH_OUT,386463.01,C35380,207783.42,207783.42,M56762,1345288.69,1731751.7,0,0
5,CASH_IN,260652.81,C29173,587697.02,327044.21,M98741,346792.13,607444.94,0,0
5,TRANSFER,488007.15,C63027,112364.48,112364.48,M28830,1449573.95,1937581.1,0,0
3,TRANSFER,62783.85,C33989,331986.47,269202.62,M65044,1010707.34,1073491.19,0,0
4,CASH_OUT,8483.66,C34519,781632.56,773148.9,M83948,1359943.42,1368427.0799999998,0,0
9,TRANSFER,385081.4,C32439,437051.52,51970.119999999995,M79202,405746.35,790827.75,0,0
9,PAYMENT,403579.7,C86949,627745.41,224165.71000000002,M47045,1491256.67,1894836.3699999999,0,0
2,CASH_OUT,60112.41,C24995,647457.94,587345.5299999999,M96322,1991238.12,2051350.53,0,0
8,PAYMENT,132798.76,C33559,843755.04,710956.28,M81051,1331301.0,1464099.76,0,0
8,CASH_OUT,8786.01,C99049,324922.79,316136.77999999997,M36627,986960.0,995746.01,0,0
7,CASH_OUT,146661.37,C15021,687295.56,540634.1900000001,M25198,1846347.98,1993009.35,0,0
8,PAYMENT,386573.21,C31119,961615.81,575042.6000000001,M79521,31703.68,418276.89,0,0
3,PAYMENT,258985.08,C61539,730243.33,471258.25,M39475,1459847.04,1718832.12,0,0
6,CASH_OUT,174054.32,C49350,489870.48,315816.16,M29403,1777493.03,1951547.35,0,0
1,TRANSFER,185875.93,C56223,630717.44,444841.50999999995,M13681,123349.17,309225.1,0,0
7,PAYMENT,686.8,C35517,739682.9,738996.1,M52292,900128.34,900815.14,0,0
1,CASH_IN,149907.27,C88653,612275.77,462368.5,M15629,409438.91,559346.1799999999,0,0
9,PAYMENT,323232.91,C32250,16675.81,16675.81,M87814,1133036.33,1456269.24,0,0
1,CASH_OUT,487097.48,C94486,194773.5,194773.5,M18417,1299085.92,1786183.4,0,0
1,CASH_IN,423531.94,C92895,810468.22,386936.27999999997,M44765,605246.37,1028778.31,0,0
7,PAYMENT,11807.25,C99132,272650.65,260843.40000000002,M84499,919963.34,931770.59,0,0
2,PAYMENT,449281.32,C76798,731562.12,282280.8,M66574,558678.97,1007960.29,0,0
5,PAYMENT,391601.37,C64199,372120.22,372120.22,M37675,738782.33,1130383.7,0,0
8,TRANSFER,390190.26,C69546,521884.33,131694.07,M82267,319079.91,709270.1699999999,0,0
8,PAYMENT,229003.3,C98151,67973.3,67973.3,M50563,1771118.89,2000122.19,0,0
3,CASH_OUT,199008.67,C13327,181225.56,181225.56,M21332,20020.82,219029.49000000002,0,0
7,PAYMENT,151464.84,C39768,957196.96,805732.12,M29177,1764818.37,1916283.2100000002,0,0
3,CASH_OUT,32856.77,C74418,890138.05,857281.28,M99254,1143357.76,1176214.53,0,0
6,CASH_IN,114125.4,C52788,652275.11,538149.71,M78447,663315.69,777441.09,0,0
6,TRANSFER,459644.6,C92384,459644.6,0.0,M67104,1446114.25,1569423.6,1,0
3,CASH_OUT,242043.69,C56830,675761.29,433717.60000000003,M94335,1015504.3,1257547.99,0,0
7,TRANSFER,373724.73,C62446,618610.29,244885.56000000006,M90730,998217.32,1371942.0499999998,0,0
3,CASH_OUT,236910.18,C25160,568552.26,331642.08,M14951,220284.57,457194.75,0,0
8,CASH_OUT,28931.65,C66583,59177.07,30245.42,M38333,779032.05,807963.7000000001,0,0
4,TRANSFER,478895.32,C43998,632802.61,153907.28999999998,M31673,482128.69,961024.01,0,0
1,PAYMENT,471362.73,C37230,768920.04,297557.31000000006,M50870,31391.81,502754.54,0,0
4,DEBIT,392596.92,C19076,994081.65,601484.73,M81101,720199.26,1112796.18,0,0
7,TRANSFER,495664.04,C79341,11078.55,11078.55,M32821,179644.26,675308.3,0,0
4,PAYMENT,272245.72,C41085,730173.45,457927.73,M35494,513660.08,785905.8,0,0
6,TRANSFER,481384.55,C65571,571789.32,90404.76999999996,M84160,185033.24,666417.79,0,0
9,TRANSFER,37811.76,C24715,434052.18,396240.42,M10835,201883.25,239695.01,0,0
1,DEBIT,182846.72,C15750,127570.17,127570.17,M28646,398022.59,580869.31,0,0
5,CASH_OUT,112698.38,C88768,409085.15,296386.77,M87360,1999698.49,2112396.87,0,0
7,CASH_OUT,97924.58,C45903,354377.18,256452.59999999998,M47335,4368.29,102292.87,0,0
1,PAYMENT,70410.07,C82489,302829.89,232419.82,M79351,1277345.27,1347755.34,0,0
4,TRANSFER,311210.6,C42093,730879.62,419669.02,M12429,282487.4,593698.0,0,0
6,TRANSFER,390663.11,C97954,700725.52,310062.41000000003,M51950,1841256.27,2231919.38,0,0
2,PAYMENT,289153.42,C44314,589020.09,299866.67,M70654,187265.79,476419.20999999996,0,0
5,PAYMENT,73489.89,C58225,938664.81,865174.92,M78143,1910126.37,1983616.26,0,0
1,CASH_OUT,405563.77,C97985,349854.38,349854.38,M87527,1221852.77,1627416.54,0,0
6,PAYMENT,317980.99,C93014,243801.94,243801.94,M96704,2536.15,320517.14,0,0
6,CASH_OUT,194088.97,C45179,655903.31,461814.3400000001,M41099,1788014.4,1982103.3699999999,0,0
4,PAYMENT,337068.41,C35338,198814.06,198814.06,M49385,1043423.6,1380492.01,0,0
8,CASH_OUT,315010.51,C79681,315010.51,0.0,M45919,525339.47,655299.36,1,0
4,PAYMENT,172602.65,C42101,224602.44,51999.79000000001,M70782,1534558.36,1707161.01,0,0
8,CASH_IN,458743.75,C12775,69153.57,69153.57,M81116,1853331.11,2312074.8600000003,0,0
8,DEBIT,145259.35,C55619,827498.74,682239.39,M82590,967381.65,1112641.0,0,0
5,CASH_IN,234999.43,C55838,254540.54,19541.110000000015,M99626,631106.95,866106.3799999999,0,0
4,TRANSFER,445071.67,C29539,473027.5,27955.830000000016,M50387,1577890.25,2022961.92,0,0
2,PAYMENT,353863.6,C67124,43315.27,43315.27,M25823,1363571.0,1717434.6,0,0
3,CASH_OUT,31110.99,C75149,699339.47,668228.48,M56015,1777504.97,1808615.96,0,0
3,TRANSFER,73660.05,C36616,330561.0,256900.95,M25339,1385028.03,1458688.08,0,0
4,DEBIT,3930.72,C89655,744736.73,740806.01,M13491,487056.68,490987.39999999997,0,0
4,PAYMENT,315464.59,C64567,412403.06,96938.46999999997,M10706,1863318.5,2178783.09,0,0
5,TRANSFER,223842.24,C47099,195755.61,195755.61,M25728,209671.49,433513.73,0,0
4,PAYMENT,67146.08,C85831,513175.08,446029.0,M16997,535885.5,603031.58,0,0
8,TRANSFER,478967.48,C71799,130504.56,130504.56,M70408,1040389.22,1519356.7,0,0
6,CASH_OUT,264834.57,C35479,440539.16,175704.58999999997,M68097,1131484.05,1396318.62,0,0
6,TRANSFER,120954.23,C56172,317305.48,196351.25,M48523,30621.17,151575.4,0,0
8,TRANSFER,250306.78,C65863,911959.58,661652.7999999999,M35163,1561145.45,1811452.23,0,0
7,TRANSFER,339813.37,C52043,60928.72,60928.72,M27718,723214.64,1063028.01,0,0
8,TRANSFER,38128.85,C92569,694017.41,655888.56,M97508,812837.08,850965.9299999999,0,0
2,CASH_OUT,137359.16,C25408,182751.17,45392.01000000001,M93767,1618739.09,1756098.25,0,0
9,DEBIT,403484.68,C67980,319045.07,319045.07,M49619,758566.78,1162051.46,0,0
1,CASH_IN,229837.84,C92956,415514.06,185676.22,M22126,94449.75,324287.58999999997,0,0
8,CASH_OUT,273293.11,C26351,908015.09,634721.98,M99131,352879.54,626172.6499999999,0,0
4,TRANSFER,216413.67,C14131,242578.27,26164.599999999977,M74926,1911806.34,2128220.0100000002,0,0
4,CASH_OUT,21959.53,C54825,91308.8,69349.27,M50633,140810.72,162770.25,0,0
5,TRANSFER,82883.23,C21349,318689.6,235806.37,M87654,709862.4,792745.63,0,0
8,PAYMENT,222776.36,C70931,104675.97,104675.97,M13317,1006358.33,1229134.69,0,0
5,DEBIT,104600.64,C54254,128596.49,23995.850000000006,M54980,986561.65,1091162.29,0,0
8,PAYMENT,24999.01,C48225,573850.6,548851.59,M54115,7919.89,32918.9,0,0
1,CASH_IN,421826.4,C22453,60901.93,60901.93,M71646,1002325.46,1424151.8599999999,0,0
9,TRANSFER,490596.45,C28814,30930.88,30930.88,M53158,767544.92,1258141.37,0,0
6,CASH_OUT,396573.51,C28263,714414.1,317840.58999999997,M65963,1944158.67,2340732.1799999997,0,0
3,CASH_OUT,426893.92,C87694,361647.09,361647.09,M57631,318318.17,745212.09,0,0
8,DEBIT,120996.15,C25735,125375.35,4379.200000000012,M59316,708308.39,829304.54,0,0
9,CASH_OUT,480313.88,C25830,253612.77,253612.77,M69342,838962.97,1319276.85,0,0
6,CASH_OUT,98470.88,C57893,642086.51,543615.63,M25504,781387.07,879857.95,0,0
7,PAYMENT,475715.39,C54673,275536.57,275536.57,M78593,1331661.66,1807377.0499999998,0,0
1,CASH_OUT,497409.7,C99462,494521.13,494521.13,M36660,431025.72,928435.4199999999,0,0
5,PAYMENT,355864.29,C55066,121695.31,121695.31,M47196,442143.11,798007.3999999999,0,0
5,CASH_OUT,490572.05,C13373,588093.64,97521.59000000003,M75938,1458421.9,1948993.95,0,0
4,CASH_OUT,284774.19,C20335,316077.68,31303.48999999999,M18605,1000581.04,1285355.23,0,0
6,CASH_OUT,129778.3,C33741,626968.43,497190.13000000006,M67388,830311.35,960089.65,0,0
7,PAYMENT,218503.57,C20692,808394.88,589891.31,M91297,338406.1,556909.6699999999,0,0
9,PAYMENT,296784.53,C57295,611646.42,314861.89,M65501,375054.45,671838.98,0,0
1,CASH_OUT,36550.05,C55541,295747.56,259197.51,M63309,21103.27,57653.32000000001,0,0
6,PAYMENT,311175.41,C44057,255743.7,255743.7,M37043,182852.54,494027.94999999995,0,0
7,PAYMENT,490589.11,C76983,327420.96,327420.96,M43635,1113677.39,1604266.5,0,0
3,PAYMENT,95061.92,C29583,164620.51,69558.59000000001,M89315,1783746.26,1878808.18,0,0
8,CASH_IN,396299.63,C32765,181171.85,181171.85,M90691,574329.53,970629.16,0,0
5,CASH_OUT,453950.32,C69287,790691.1,336740.77999999997,M43132,655494.45,1109444.77,0,0
9,TRANSFER,471851.36,C33906,384732.58,384732.58,M99387,231211.22,703062.58,0,0
5,PAYMENT,480068.2,C95103,435995.18,435995.18,M25366,777261.89,1257330.09,0,0
9,TRANSFER,260734.6,C89675,594049.47,333314.87,M82107,74443.41,335178.01,0,0
4,CASH_OUT,488654.18,C56525,589653.5,100999.32,M72580,1835201.39,2323855.57,0,0
9,CASH_OUT,378657.53,C48230,67376.87,67376.87,M67889,1346222.7,1724880.23,0,0
5,PAYMENT,80844.1,C29520,831540.79,750696.6900000001,M89553,1981497.62,2062341.7200000002,0,0
9,PAYMENT,238455.28,C95238,177326.55,177326.55,M49236,1765646.33,2004101.61,0,0
3,PAYMENT,359168.4,C61934,723071.64,363903.24,M14150,945981.19,1305149.5899999999,0,0
4,CASH_OUT,123677.68,C35566,772670.99,648993.31,M29423,1039370.06,1163047.74,0,0
9,CASH_OUT,320311.19,C83193,714899.53,394588.34,M14137,381152.09,701463.28,0,0
6,PAYMENT,333303.57,C40134,578977.65,245674.08000000002,M39992,924078.69,1257382.26,0,0
2,PAYMENT,81358.24,C20345,14609.0,14609.0,M54921,1806055.75,1887413.99,0,0
7,PAYMENT,282547.01,C51185,360375.49,77828.47999999998,M89369,101706.85,384253.86,0,0
2,CASH_IN,385815.74,C80744,604839.43,219023.69000000006,M76917,1727113.61,2112929.35,0,0
2,PAYMENT,249452.84,C43455,387451.3,137998.46,M83690,681895.6,931348.44,0,0
1,CASH_OUT,6061.44,C38018,863479.89,857418.4500000001,M44235,1799025.53,1805086.97,0,0
3,CASH_OUT,4529.14,C64219,308802.28,304273.14,M88975,1881759.81,1886288.95,0,0
6,TRANSFER,178521.1,C55991,293534.79,115013.68999999997,M29122,1341729.77,1520250.87,0,0
8,PAYMENT,463097.77,C83616,265997.69,265997.69,M33956,1328847.57,1791945.34,0,0
9,PAYMENT,114346.1,C97438,332780.87,218434.77,M73879,905508.68,1019854.78,0,0
7,CASH_OUT,317185.5,C19486,557404.96,240219.45999999996,M68560,1671080.45,1988265.95,0,0
4,CASH_OUT,111045.71,C48862,707015.29,595969.5800000001,M92800,1923225.52,2034271.23,0,0
6,CASH_OUT,160841.78,C68870,662567.92,501726.14,M78685,1550163.6,1711005.3800000001,0,0
5,CASH_OUT,424022.56,C96694,807717.82,383695.25999999995,M34660,1243873.47,1667896.03,0,0
8,PAYMENT,364433.43,C53856,885914.0,521480.57,M96064,1213585.79,1578019.22,0,0
1,CASH_IN,47708.68,C96055,816079.04,768370.36,M11168,1698939.8,1746648.48,0,0
1,CASH_OUT,214356.72,C41379,18945.4,18945.4,M55124,1082407.53,1296764.25,0,0
6,PAYMENT,14594.59,C74729,735917.95,721323.36,M45897,1607719.77,1622314.36,0,0
2,CASH_IN,240450.26,C38378,208399.57,208399.57,M25032,1017770.51,1258220.77,0,0
5,CASH_OUT,331220.38,C64353,132928.04,132928.04,M62797,124888.55,456108.93,0,0
1,CASH_OUT,59260.13,C59996,638488.78,579228.65,M45294,767894.02,827154.15,0,0
7,CASH_OUT,144449.58,C24031,319743.2,175293.62000000002,M53827,888881.92,1033331.5,0,0
1,DEBIT,198924.33,C90072,57117.16,57117.16,M13516,283234.49,482158.81999999995,0,0
4,CASH_OUT,459766.32,C75982,137629.73,137629.73,M29751,204992.66,664758.98,0,0
9,PAYMENT,496627.58,C46683,929.42,929.42,M40373,1070929.9,1567557.48,0,0
1,TRANSFER,22465.2,C27618,903223.63,880758.43,M40270,170287.27,192752.47,0,0
4,CASH_IN,380506.35,C16587,24617.98,24617.98,M20386,605890.34,986396.69,0,0
6,PAYMENT,185868.32,C72790,209455.77,23587.449999999983,M74817,1489193.95,1675062.27,0,0
6,TRANSFER,196235.17,C41480,416262.78,220027.61000000002,M75184,1928864.36,2125099.5300000003,0,0
8,TRANSFER,377134.94,C30527,356571.33,356571.33,M89693,1435741.16,1812876.0999999999,0,0
1,TRANSFER,459214.03,C33569,911725.88,452511.85,M47879,1985251.1,2444465.13,0,0
7,CASH_OUT,475464.79,C21151,40288.95,40288.95,M59597,1396675.94,1872140.73,0,0
1,CASH_IN,288565.52,C81094,512214.71,223649.19,M49132,587588.94,876154.46,0,0
7,PAYMENT,178567.01,C69174,680479.46,501912.44999999995,M13626,1344105.08,1522672.09,0,0
3,PAYMENT,393776.67,C54739,931697.97,537921.3,M95936,1404313.53,1798090.2,0,0
8,PAYMENT,125508.18,C42954,620371.25,494863.07,M91515,743453.97,868962.1499999999,0,0
3,DEBIT,282041.37,C45303,803755.24,521713.87,M87065,35427.7,317469.07,0,0
1,CASH_OUT,179295.64,C44700,83724.94,83724.94,M65390,1406399.57,1585695.21,0,0
8,PAYMENT,328318.97,C77568,385939.51,57620.54000000004,M26645,43400.19,371719.16,0,0
3,DEBIT,120207.05,C76788,373947.13,253740.08000000002,M64144,1262376.16,1382583.21,0,0
2,DEBIT,95804.56,C81045,886288.22,790483.6599999999,M23382,327232.98,423037.54,0,0
1,DEBIT,459120.36,C47842,151371.17,151371.17,M14025,1131207.06,1590327.42,0,0
3,CASH_IN,50910.82,C23900,151886.17,100975.35,M53226,1007826.05,1058736.87,0,0
2,PAYMENT,252983.89,C90059,328558.15,75574.26000000001,M89380,27027.28,280011.17000000004,0,0
2,CASH_OUT,110434.18,C11881,54466.05,54466.05,M79711,725731.63,836165.81,0,0
6,TRANSFER,19474.59,C43037,182458.04,162983.45,M84710,1202182.33,1221656.9200000002,0,0
1,DEBIT,18019.05,C11630,965209.64,947190.59,M13443,1697213.1,1715232.1500000001,0,0
2,CASH_OUT,87619.13,C30789,428183.94,340564.81,M31395,1777284.23,1864903.3599999999,0,0
6,CASH_OUT,433386.51,C98059,632019.21,198632.69999999995,M20725,967699.94,1401086.45,0,0
3,CASH_OUT,141246.55,C93494,726111.26,584864.71,M43461,1456844.97,1598091.52,0,0
4,PAYMENT,475230.08,C56151,366961.41,366961.41,M51115,632909.15,1108139.23,0,0
1,CASH_OUT,290815.33,C58920,147227.07,147227.07,M93732,684372.81,975188.1400000001,0,0
8,CASH_IN,218312.73,C77231,206581.02,206581.02,M89790,388927.04,607239.77,0,0
7,CASH_IN,290048.62,C90357,313266.48,23217.859999999986,M89557,1123896.22,1413944.8399999999,0,0
7,PAYMENT,258354.03,C13262,636068.42,377714.39,M81260,629128.3,887482.3300000001,0,0
3,PAYMENT,379390.54,C76981,398280.55,18890.01000000001,M38690,168741.79,548132.33,0,0
3,PAYMENT,141255.21,C91972,6814.7,6814.7,M11407,1370012.17,1511267.38,0,0
2,CASH_OUT,176531.67,C85485,523407.19,346875.52,M83568,1415506.42,1592038.0899999999,0,0
1,DEBIT,447048.21,C64722,921513.39,474465.18,M68560,719984.84,1167033.05,0,0
7,PAYMENT,473228.79,C99499,812077.61,338848.82,M57340,153446.8,626675.59,0,0
7,CASH_OUT,446280.19,C60818,825211.37,378931.18,M27794,852595.43,1298875.62,0,0
2,DEBIT,209729.8,C39932,795058.02,585328.22,M29881,884670.92,1094400.72,0,0
7,CASH_OUT,390184.95,C16901,323730.83,323730.83,M96292,1337341.77,1727526.72,0,0
8,CASH_OUT,238173.1,C18597,765193.83,527020.73,M59703,630832.78,869005.88,0,0
1,CASH_OUT,248774.95,C73909,143161.36,143161.36,M54354,1365198.56,1613973.51,0,0
9,CASH_OUT,102348.01,C82391,657716.15,555368.14,M88462,1742977.08,1845325.09,0,0
7,PAYMENT,295569.24,C94214,641568.57,345999.32999999996,M24390,474972.08,770541.3200000001,0,0
3,CASH_OUT,93076.09,C18263,25569.8,25569.8,M97475,1957839.11,2050915.2000000002,0,0
